iteration,frames,lr,collect_s,update_s,fps,updates,early_stop,episodes,truncated,win_rate,loss_rate,wr_alakazam,n_alakazam,wr_bastiodon,n_bastiodon,wr_crustle,n_crustle,wr_dragapult_noir,n_dragapult_noir,wr_festival_lead,n_festival_lead,wr_hydrapple,n_hydrapple,wr_slowking,n_slowking,wr_mirror,n_mirror,wr_vs_random,n_vs_random,wr_vs_latest,n_vs_latest,wr_vs_older,n_vs_older,reward_per_step,explained_variance,loss_objective,loss_critic,entropy,kl_approx,clip_fraction,grad_norm
1,4096,0.0001,3.9063544273376465,40.90929198265076,84.35585478968825,96,0,25.0,0.0,0.5600000023841858,0.3999999761581421,1.0,3.0,1.0,2.0,0.4000000059604645,5.0,0.5,2.0,0.5,4.0,0.5,4.0,0.0,2.0,0.6666666865348816,3.0,0.5600000023841858,25.0,nan,0.0,nan,0.0,0.00412597693502903,0.004360079765319824,-0.003262973283805574,0.01402291775351235,1.2898610457777977,0.003565145144724132,0.042154947916666664,0.20525689244580766
2,8192,9.992493744787324e-05,3.5201597213745117,37.69693207740784,91.99742563753443,96,0,38.0,0.0,0.6052631735801697,0.3684210479259491,1.0,9.0,0.5,4.0,0.5714285969734192,7.0,0.3333333432674408,3.0,0.4000000059604645,5.0,1.0,1.0,0.5,2.0,0.4285714626312256,7.0,0.6052631735801697,38.0,nan,0.0,nan,0.0,0.005566406529396772,0.3474917411804199,-0.0032734356209402904,0.012441140749918608,1.2905223766962688,0.005397539464562821,0.032796223958333336,0.40652994563182193
3,12288,9.984987489574647e-05,3.622316360473633,38.326889753341675,90.51335898049065,96,0,39.0,0.0,0.4615384638309479,0.4871794879436493,1.0,6.0,0.6666666865348816,6.0,0.0,1.0,0.4000000059604645,5.0,1.0,2.0,0.0,3.0,0.0,8.0,0.5,8.0,0.4615384638309479,39.0,nan,0.0,nan,0.0,0.0028808596543967724,0.42130571603775024,-0.0046915661708529415,0.012318572029471397,1.2649916025499504,0.0017286557679957089,0.05419921875,0.4559020466792087
4,16384,9.977481234361968e-05,3.7601981163024902,37.816479206085205,91.22787437843037,96,0,37.0,0.0,0.5405405759811401,0.45945948362350464,0.75,4.0,0.6000000238418579,5.0,0.7142857313156128,7.0,0.5555555820465088,9.0,0.5,2.0,0.20000000298023224,5.0,0.25,4.0,1.0,1.0,0.5405405759811401,37.0,nan,0.0,nan,0.0,0.0042724609375,0.3062870502471924,-0.002754468980128877,0.02163537374387185,1.2793261272211869,0.0026038571256018863,0.031656901041666664,0.6415656401465336
5,20480,9.969974979149291e-05,3.5897891521453857,38.19911217689514,90.8154265269377,96,0,37.0,0.0,0.5675675868988037,0.4324324429035187,0.75,4.0,0.4000000059604645,5.0,0.6000000238418579,5.0,1.0,6.0,0.75,4.0,0.1428571492433548,7.0,0.5,4.0,0.5,2.0,0.5675675868988037,37.0,nan,0.0,nan,0.0,0.004321289248764515,0.5425292253494263,-0.006514362680415313,0.012582734993581349,1.2681555896997452,0.008146087401352512,0.06437174479166667,0.3668825250739853
6,24576,9.962468723936614e-05,14.912763833999634,37.28278112411499,73.70836680768383,96,0,36.0,0.0,0.6666666865348816,0.3333333432674408,1.0,3.0,0.5,8.0,1.0,4.0,1.0,3.0,0.6000000238418579,5.0,0.0,3.0,0.75,4.0,0.6666666865348816,6.0,0.6315789222717285,19.0,0.7058823704719543,17.0,nan,0.0,0.00656738318502903,0.5433427095413208,-0.005157816951395944,0.013269361234658087,1.3191408899923165,0.007211386536558469,0.061686197916666664,0.4180021352755527
7,28672,9.954962468723937e-05,16.031309604644775,37.430121660232544,72.21204857116886,96,0,39.0,0.0,0.6666666865348816,0.3076923191547394,0.5,2.0,0.800000011920929,5.0,0.7142857313156128,7.0,0.6666666865348816,9.0,0.3333333432674408,3.0,0.800000011920929,5.0,0.4000000059604645,5.0,1.0,3.0,0.800000011920929,10.0,0.6206896305084229,29.0,nan,0.0,0.007080078125,0.4751927852630615,-0.0032674780716964356,0.013927734747994691,1.308803454041481,0.00580972326376165,0.057779947916666664,0.42395763207847875
8,32768,9.94745621351126e-05,17.041441202163696,37.28027820587158,71.1329179081329,96,0,41.0,0.0,0.5853658318519592,0.4146341383457184,0.6666666865348816,6.0,0.7777777910232544,9.0,0.0,2.0,0.8333333730697632,6.0,1.0,2.0,0.2857142984867096,7.0,0.6666666865348816,3.0,0.3333333432674408,6.0,0.5714285969734192,7.0,0.5882353186607361,34.0,nan,0.0,0.0052490234375,0.553494393825531,-0.004978469461396647,0.016330077312886715,1.3819751131037872,0.005485229452460771,0.08349609375,0.39799325866624713
9,36864,9.939949958298582e-05,17.11694884300232,37.21233296394348,71.11622405607717,96,0,40.0,0.0,0.5250000357627869,0.45000001788139343,1.0,1.0,0.4000000059604645,5.0,0.6666666865348816,3.0,0.6666666865348816,3.0,0.6000000238418579,5.0,0.30000001192092896,10.0,0.5714285969734192,7.0,0.6666666865348816,6.0,0.5,4.0,0.5277777910232544,36.0,nan,0.0,0.004296875558793545,0.648201584815979,-0.006121547077782452,0.012257841876513945,1.3512689831356208,0.00879481095034862,0.08357747395833333,0.4699060196677844
10,40960,9.932443703085905e-05,17.285220623016357,37.19286012649536,70.93847625511529,96,0,40.0,0.0,0.7250000238418579,0.2750000059604645,1.0,2.0,1.0,2.0,0.800000011920929,5.0,1.0,7.0,0.6666666865348816,6.0,0.5714285969734192,7.0,0.3333333432674408,3.0,0.625,8.0,0.75,8.0,0.71875,32.0,nan,0.0,0.007861328311264515,0.6454552412033081,-0.005393870718156298,0.01136189087992534,1.3308035271863143,0.002989017913932912,0.080078125,0.4655931129430731
11,45056,9.924937447873228e-05,16.26156520843506,37.40614056587219,71.94065224521701,96,0,42.0,0.0,0.7142857313156128,0.2857142984867096,1.0,2.0,0.7272727489471436,11.0,0.5,4.0,0.8571429252624512,7.0,0.6000000238418579,5.0,0.5,2.0,0.75,4.0,0.7142857313156128,7.0,0.6666666865348816,9.0,0.6800000071525574,25.0,0.875,8.0,0.00827636756002903,0.586250901222229,-0.007037837766498948,0.016537591659774382,1.3023508687814076,0.008424386120168492,0.10481770833333333,0.4938467899337411
12,49152,9.917431192660551e-05,16.78959035873413,37.232285499572754,71.50713758840142,96,0,43.0,0.0,0.6744186282157898,0.3255814015865326,0.800000011920929,5.0,0.7142857313156128,7.0,0.6000000238418579,5.0,0.800000011920929,5.0,0.75,4.0,0.5,6.0,1.0,3.0,0.5,8.0,0.6000000238418579,10.0,0.6111111044883728,18.0,0.8000000715255737,15.0,0.007958984933793545,0.6377405524253845,-0.006085094811472421,0.013978485493377471,1.298728670924902,0.011351604425120362,0.13826497395833334,0.5159076754935086
13,53248,9.909924937447874e-05,18.025413036346436,22.901151180267334,92.23134107108997,59,1,46.0,0.0,0.760869562625885,0.239130437374115,0.8333333730697632,6.0,1.0,7.0,0.5714285969734192,7.0,0.7142857313156128,7.0,0.6000000238418579,5.0,0.3333333432674408,3.0,1.0,7.0,0.75,4.0,0.5714285969734192,7.0,0.7692307829856873,13.0,0.8076923489570618,26.0,0.01044921949505806,0.6328762769699097,-0.003948715539112435,0.015303215698607393,1.3703330694618872,0.010017397226489512,0.109375,0.5290751179396096
14,57344,9.902418682235196e-05,17.137616634368896,17.934356451034546,106.72230256549821,46,1,44.0,0.0,0.75,0.25,0.800000011920929,5.0,1.0,2.0,0.5,6.0,0.7142857313156128,7.0,0.800000011920929,5.0,0.7142857313156128,7.0,0.7142857313156128,7.0,1.0,5.0,0.75,8.0,0.7647058963775635,17.0,0.7368420958518982,19.0,0.00959472730755806,0.3706287741661072,-0.0015774160906996417,0.016233825813169064,1.309215141379315,0.008387892866385695,0.11379076086956522,0.47460766784522845
15,61440,9.894912427022519e-05,16.94373631477356,37.384886503219604,71.08515780421092,96,0,52.0,0.0,0.8461538553237915,0.1538461595773697,0.875,8.0,0.800000011920929,10.0,0.6666666865348816,6.0,1.0,4.0,0.8888888955116272,9.0,1.0,2.0,1.0,4.0,0.7777777910232544,9.0,1.0,11.0,0.8333333134651184,18.0,0.782608687877655,23.0,0.01411132887005806,0.5414379835128784,-0.0065765989711508155,0.0093914569200327,1.350475274026394,0.01497636752355902,0.168212890625,0.4614789218952258
16,65536,9.887406171809842e-05,17.331971883773804,23.282055139541626,93.35719222248242,60,1,53.0,0.0,0.7547169923782349,0.24528302252292633,0.6000000238418579,10.0,0.75,8.0,0.5,8.0,1.0,6.0,1.0,1.0,0.875,8.0,0.800000011920929,5.0,0.8571429252624512,7.0,1.0,7.0,0.7599999904632568,25.0,0.6666666865348816,21.0,0.01145019568502903,0.5827630758285522,-0.0052518986786405245,0.015697191112364332,1.3099761843681335,0.010077376558911055,0.1453125,0.5132871930797894
17,69632,9.879899916597165e-05,15.91962456703186,12.857452869415283,127.7933658075758,33,1,55.0,0.0,0.8545454144477844,0.145454540848732,0.8571429252624512,7.0,0.9090909361839294,11.0,0.75,4.0,1.0,4.0,1.0,6.0,0.4285714626312256,7.0,1.0,8.0,0.875,8.0,1.0,11.0,0.699999988079071,20.0,0.9166666865348816,24.0,0.01516113430261612,0.6252025961875916,0.002680380659347231,0.01495430502814777,1.2113455895221594,0.010600119478168022,0.10108901515151515,0.5984117226167158
18,73728,9.872393661384488e-05,16.416696548461914,37.57882523536682,71.50061975444486,96,0,56.0,0.0,0.8214285969734192,0.1785714328289032,0.75,4.0,1.0,4.0,0.6000000238418579,5.0,0.8888888955116272,9.0,0.7142857313156128,7.0,0.8571429252624512,7.0,0.7777777910232544,9.0,0.9090909361839294,11.0,0.785714328289032,14.0,0.7727273106575012,22.0,0.9000000357627869,20.0,0.013964843936264515,0.5904210805892944,-0.006298756726512996,0.013046441822856044,1.2211728046337764,0.008139476056991649,0.12784830729166666,0.5183837541068593
19,77824,9.86488740617181e-05,16.750215530395508,8.759681463241577,142.30226545026514,22,1,50.0,0.0,0.6800000071525574,0.3199999928474426,0.5714285969734192,7.0,0.4444444477558136,9.0,0.6000000238418579,5.0,0.800000011920929,5.0,0.8888888955116272,9.0,0.6666666865348816,3.0,0.8888888955116272,9.0,0.3333333432674408,3.0,0.75,12.0,0.6111111044883728,18.0,0.699999988079071,20.0,0.009277344681322575,0.5603263974189758,0.0009107042781331322,0.026229307140139015,1.2086938402869485,0.005892098032001575,0.0625,0.6911345611919056
20,81920,9.857381150959133e-05,17.311126947402954,22.501365184783936,95.0467780540032,58,1,51.0,0.0,0.7450980544090271,0.2549019753932953,0.6363636255264282,11.0,1.0,4.0,0.5,4.0,0.800000011920929,5.0,0.800000011920929,5.0,0.6000000238418579,10.0,1.0,4.0,0.875,8.0,1.0,8.0,0.5454545617103577,22.0,0.8571428656578064,21.0,0.010668945498764515,0.5954556465148926,-0.0015993053896416877,0.014983094441865024,1.2514235253991752,0.010947693959239805,0.13079202586206898,0.5618471724206003
21,86016,9.849874895746456e-05,14.835219621658325,11.140172481536865,140.11264574864086,28,1,56.0,0.0,0.8392857313156128,0.1607142984867096,0.8571429252624512,7.0,1.0,7.0,0.6666666865348816,6.0,1.0,10.0,0.6666666865348816,6.0,0.6666666865348816,9.0,0.875,8.0,1.0,3.0,0.9333333969116211,15.0,0.7037037014961243,27.0,1.0,14.0,0.01508789137005806,0.673466682434082,0.007955389745932604,0.015646929320480143,1.1702245942183904,0.0030735642919483197,0.09737723214285714,0.6040842149938855
22,90112,9.842368640533779e-05,16.207444429397583,13.969397783279419,122.48947729663067,35,1,54.0,0.0,0.6851851940155029,0.31481480598449707,0.8333333730697632,6.0,0.4000000059604645,5.0,0.5555555820465088,9.0,0.5,2.0,0.6666666865348816,12.0,0.7142857313156128,7.0,0.8333333730697632,6.0,0.8571429252624512,7.0,0.8571429252624512,14.0,0.550000011920929,20.0,0.699999988079071,20.0,0.00932617299258709,0.608436107635498,-0.0019132175615855626,0.026425820110099658,1.2415176902498517,0.006712410909988518,0.09620535714285715,0.478059521317482
23,94208,9.834862385321102e-05,15.91636848449707,37.22764015197754,72.62283900758959,96,0,57.0,0.0,0.7543859481811523,0.24561403691768646,0.9090909361839294,11.0,0.75,4.0,0.4000000059604645,10.0,1.0,2.0,0.8333333730697632,6.0,0.9090909361839294,11.0,0.8571429252624512,7.0,0.5,6.0,1.0,10.0,0.6363636255264282,22.0,0.7599999904632568,25.0,0.01240234449505806,0.6285403966903687,-0.007839922851417214,0.01577465498606519,1.2631448147197564,0.010949690096822451,0.11165364583333333,0.48265821440145373
24,98304,9.827356130108424e-05,15.489981174468994,37.43847441673279,72.87077959971997,96,0,43.0,0.0,0.7906976938247681,0.20930232107639313,0.8571429252624512,7.0,1.0,4.0,0.5,6.0,0.75,8.0,0.8571429252624512,7.0,0.75,4.0,1.0,3.0,0.75,4.0,0.9090909361839294,11.0,0.7142857313156128,14.0,0.7777777910232544,18.0,0.01042480580508709,0.697728157043457,-0.006216537634221216,0.011110206411103718,1.213342943539222,0.007785430920193903,0.08463541666666667,0.41202945495024323
25,102400,9.819849874895747e-05,16.319202661514282,34.08421087265015,76.18319932061097,87,1,49.0,0.0,0.5510203838348389,0.44897958636283875,0.800000011920929,5.0,0.75,8.0,0.4285714626312256,7.0,0.2857142984867096,7.0,0.800000011920929,5.0,1.0,2.0,0.4000000059604645,5.0,0.4000000059604645,10.0,0.8333333730697632,6.0,0.380952388048172,21.0,0.6363636255264282,22.0,0.004907227121293545,0.6414044499397278,-0.005720394299547562,0.018253231501399445,1.1999339481879925,0.007848813583212638,0.08683548850574713,0.5785805829640093
26,106496,9.81234361968307e-05,15.768076658248901,8.92885446548462,146.43802462908576,23,1,54.0,0.0,0.7592592835426331,0.24074074625968933,1.0,4.0,0.875,8.0,0.6666666865348816,6.0,0.875,8.0,0.800000011920929,5.0,0.3333333432674408,3.0,0.800000011920929,10.0,0.6000000238418579,10.0,0.8571429252624512,7.0,0.8181818723678589,22.0,0.6800000071525574,25.0,0.01201171986758709,0.6570456027984619,0.0009519463081074798,0.01958078056897806,1.2224904454272727,0.007081734020650164,0.08695652173913043,0.4746654176193735
27,110592,9.804837364470393e-05,14.86925721168518,37.88196134567261,73.13012979096347,96,0,56.0,0.0,0.7678571939468384,0.2321428656578064,1.0,5.0,0.800000011920929,10.0,0.5,6.0,0.8571429252624512,7.0,0.8571429252624512,7.0,0.875,8.0,0.6666666865348816,6.0,0.5714285969734192,7.0,0.9090909361839294,11.0,0.7352941036224365,34.0,0.7272727489471436,11.0,0.01240234449505806,0.6340261101722717,-0.005370854817253227,0.01604524382855743,1.1892670827607315,0.003947758572091213,0.087158203125,0.46789496159181
28,114688,9.797331109257715e-05,17.060613870620728,37.5507550239563,70.6664490606093,96,0,50.0,0.0,0.7400000095367432,0.25999999046325684,0.6666666865348816,6.0,0.8888888955116272,9.0,0.5,6.0,1.0,5.0,0.7777777910232544,9.0,0.8333333730697632,6.0,nan,0.0,0.5555555820465088,9.0,1.0,8.0,0.5999999642372131,25.0,0.8235294222831726,17.0,0.010644531808793545,0.6830145120620728,-0.0036253593182967356,0.014420202389980355,1.2021373696625233,0.007613180824895001,0.087158203125,0.4429684562298159
29,118784,9.789824854045038e-05,16.9851176738739,29.8760986328125,81.56625563686822,77,1,47.0,0.0,0.7446808218955994,0.25531914830207825,0.75,8.0,1.0,2.0,0.8571429252624512,7.0,1.0,3.0,0.8888888955116272,9.0,0.6000000238418579,5.0,0.6666666865348816,9.0,0.25,4.0,1.0,4.0,0.8399999737739563,25.0,0.5555555820465088,18.0,0.010278320871293545,0.6066002249717712,-0.005387877271353424,0.019196839023429852,1.1576835087367467,0.008322287587503382,0.08198051948051949,0.471607856936269
