game,step,seat,select_context,select_type,min_count,max_count,index,type,src_ref,dst_ref,src_area,owner,card,sub_index,attack,number,count,attack_damage,attack_cost,damage_ratio,is_ko
1,0,0,IS_FIRST,YES_NO,1,1,0,YES,,,,NEUTRAL,<NONE>,-1,<NONE>,0.0,0.0,0.0,0.0,0.0,0.0
1,0,0,IS_FIRST,YES_NO,1,1,1,NO,,,,NEUTRAL,<NONE>,-1,<NONE>,0.0,0.0,0.0,0.0,0.0,0.0
1,1,0,SETUP_ACTIVE_POKEMON,CARD,1,1,0,CARD,hand:3,,HAND,ME,Munkidori,-1,<NONE>,0.0,0.0,0.0,0.0,0.0,0.0
1,1,0,SETUP_ACTIVE_POKEMON,CARD,1,1,1,CARD,hand:4,,HAND,ME,Marnie's Impidimp,-1,<NONE>,0.0,0.0,0.0,0.0,0.0,0.0
1,1,0,SETUP_ACTIVE_POKEMON,CARD,1,1,2,CARD,hand:5,,HAND,ME,Snorunt,-1,<NONE>,0.0,0.0,0.0,0.0,0.0,0.0
1,2,1,SETUP_ACTIVE_POKEMON,CARD,1,1,0,CARD,hand:2,,HAND,ME,Dreepy,-1,<NONE>,0.0,0.0,0.0,0.0,0.0,0.0
1,2,1,SETUP_ACTIVE_POKEMON,CARD,1,1,1,CARD,hand:3,,HAND,ME,Budew,-1,<NONE>,0.0,0.0,0.0,0.0,0.0,0.0
1,3,0,DRAW_COUNT,COUNT,1,1,0,NUMBER,,,,NEUTRAL,<NONE>,-1,<NONE>,0.0,0.0,0.0,0.0,0.0,0.0
1,3,0,DRAW_COUNT,COUNT,1,1,1,NUMBER,,,,NEUTRAL,<NONE>,-1,<NONE>,1.0,0.0,0.0,0.0,0.0,0.0
1,4,1,SETUP_BENCH_POKEMON,CARD,0,1,0,CARD,hand:2,,HAND,ME,Dreepy,-1,<NONE>,0.0,0.0,0.0,0.0,0.0,0.0
1,5,0,SETUP_BENCH_POKEMON,CARD,0,2,0,CARD,hand:3,,HAND,ME,Munkidori,-1,<NONE>,0.0,0.0,0.0,0.0,0.0,0.0
1,5,0,SETUP_BENCH_POKEMON,CARD,0,2,1,CARD,hand:4,,HAND,ME,Snorunt,-1,<NONE>,0.0,0.0,0.0,0.0,0.0,0.0
1,6,1,MAIN,MAIN,1,1,0,PLAY,hand:0,,HAND,NEUTRAL,Buddy-Buddy Poffin,-1,<NONE>,0.0,0.0,0.0,0.0,0.0,0.0
1,6,1,MAIN,MAIN,1,1,1,PLAY,hand:1,,HAND,NEUTRAL,Buddy-Buddy Poffin,-1,<NONE>,0.0,0.0,0.0,0.0,0.0,0.0
1,6,1,MAIN,MAIN,1,1,2,ATTACH,hand:5,board:0,HAND,NEUTRAL,Basic {R} Energy,-1,<NONE>,0.0,0.0,0.0,0.0,0.0,0.0
1,6,1,MAIN,MAIN,1,1,3,ATTACH,hand:5,board:1,HAND,NEUTRAL,Basic {R} Energy,-1,<NONE>,0.0,0.0,0.0,0.0,0.0,0.0
1,6,1,MAIN,MAIN,1,1,4,RETREAT,,,,NEUTRAL,<NONE>,-1,<NONE>,0.0,0.0,0.0,0.0,0.0,0.0
1,6,1,MAIN,MAIN,1,1,5,END,,,,NEUTRAL,<NONE>,-1,<NONE>,0.0,0.0,0.0,0.0,0.0,0.0
1,7,1,TO_BENCH,CARD,0,2,0,CARD,,,DECK,ME,Dreepy,-1,<NONE>,0.0,0.0,0.0,0.0,0.0,0.0
1,7,1,TO_BENCH,CARD,0,2,1,CARD,,,DECK,ME,Dreepy,-1,<NONE>,0.0,0.0,0.0,0.0,0.0,0.0
1,7,1,TO_BENCH,CARD,0,2,2,CARD,,,DECK,ME,Dreepy,-1,<NONE>,0.0,0.0,0.0,0.0,0.0,0.0
1,7,1,TO_BENCH,CARD,0,2,3,CARD,,,DECK,ME,Budew,-1,<NONE>,0.0,0.0,0.0,0.0,0.0,0.0
1,8,1,MAIN,MAIN,1,1,0,PLAY,hand:0,,HAND,NEUTRAL,Buddy-Buddy Poffin,-1,<NONE>,0.0,0.0,0.0,0.0,0.0,0.0
1,8,1,MAIN,MAIN,1,1,1,ATTACH,hand:4,board:0,HAND,NEUTRAL,Basic {R} Energy,-1,<NONE>,0.0,0.0,0.0,0.0,0.0,0.0
1,8,1,MAIN,MAIN,1,1,2,ATTACH,hand:4,board:1,HAND,NEUTRAL,Basic {R} Energy,-1,<NONE>,0.0,0.0,0.0,0.0,0.0,0.0
1,8,1,MAIN,MAIN,1,1,3,ATTACH,hand:4,board:2,HAND,NEUTRAL,Basic {R} Energy,-1,<NONE>,0.0,0.0,0.0,0.0,0.0,0.0
1,8,1,MAIN,MAIN,1,1,4,ATTACH,hand:4,board:3,HAND,NEUTRAL,Basic {R} Energy,-1,<NONE>,0.0,0.0,0.0,0.0,0.0,0.0
1,8,1,MAIN,MAIN,1,1,5,RETREAT,,,,NEUTRAL,<NONE>,-1,<NONE>,0.0,0.0,0.0,0.0,0.0,0.0
1,8,1,MAIN,MAIN,1,1,6,END,,,,NEUTRAL,<NONE>,-1,<NONE>,0.0,0.0,0.0,0.0,0.0,0.0
1,9,1,MAIN,MAIN,1,1,0,PLAY,hand:0,,HAND,NEUTRAL,Buddy-Buddy Poffin,-1,<NONE>,0.0,0.0,0.0,0.0,0.0,0.0
1,9,1,MAIN,MAIN,1,1,1,RETREAT,,,,NEUTRAL,<NONE>,-1,<NONE>,0.0,0.0,0.0,0.0,0.0,0.0
1,9,1,MAIN,MAIN,1,1,2,END,,,,NEUTRAL,<NONE>,-1,<NONE>,0.0,0.0,0.0,0.0,0.0,0.0
1,10,0,MAIN,MAIN,1,1,0,ATTACH,hand:0,board:0,HAND,NEUTRAL,Basic {D} Energy,-1,<NONE>,0.0,0.0,0.0,0.0,0.0,0.0
1,10,0,MAIN,MAIN,1,1,1,ATTACH,hand:0,board:1,HAND,NEUTRAL,Basic {D} Energy,-1,<NONE>,0.0,0.0,0.0,0.0,0.0,0.0
1,10,0,MAIN,MAIN,1,1,2,ATTACH,hand:0,board:2,HAND,NEUTRAL,Basic {D} Energy,-1,<NONE>,0.0,0.0,0.0,0.0,0.0,0.0
1,10,0,MAIN,MAIN,1,1,3,PLAY,hand:1,,HAND,NEUTRAL,Poké Pad,-1,<NONE>,0.0,0.0,0.0,0.0,0.0,0.0
1,10,0,MAIN,MAIN,1,1,4,PLAY,hand:2,,HAND,NEUTRAL,Team Rocket's Petrel,-1,<NONE>,0.0,0.0,0.0,0.0,0.0,0.0
1,10,0,MAIN,MAIN,1,1,5,ATTACH,hand:3,board:0,HAND,NEUTRAL,Basic {D} Energy,-1,<NONE>,0.0,0.0,0.0,0.0,0.0,0.0
1,10,0,MAIN,MAIN,1,1,6,ATTACH,hand:3,board:1,HAND,NEUTRAL,Basic {D} Energy,-1,<NONE>,0.0,0.0,0.0,0.0,0.0,0.0
1,10,0,MAIN,MAIN,1,1,7,ATTACH,hand:3,board:2,HAND,NEUTRAL,Basic {D} Energy,-1,<NONE>,0.0,0.0,0.0,0.0,0.0,0.0
1,10,0,MAIN,MAIN,1,1,8,PLAY,hand:4,,HAND,NEUTRAL,Buddy-Buddy Poffin,-1,<NONE>,0.0,0.0,0.0,0.0,0.0,0.0
1,10,0,MAIN,MAIN,1,1,9,ATTACH,hand:5,board:0,HAND,NEUTRAL,Basic {D} Energy,-1,<NONE>,0.0,0.0,0.0,0.0,0.0,0.0
1,10,0,MAIN,MAIN,1,1,10,ATTACH,hand:5,board:1,HAND,NEUTRAL,Basic {D} Energy,-1,<NONE>,0.0,0.0,0.0,0.0,0.0,0.0
1,10,0,MAIN,MAIN,1,1,11,ATTACH,hand:5,board:2,HAND,NEUTRAL,Basic {D} Energy,-1,<NONE>,0.0,0.0,0.0,0.0,0.0,0.0
1,10,0,MAIN,MAIN,1,1,12,END,,,,NEUTRAL,<NONE>,-1,<NONE>,0.0,0.0,0.0,0.0,0.0,0.0
1,11,0,MAIN,MAIN,1,1,0,PLAY,hand:1,,HAND,NEUTRAL,Poké Pad,-1,<NONE>,0.0,0.0,0.0,0.0,0.0,0.0
1,11,0,MAIN,MAIN,1,1,1,PLAY,hand:2,,HAND,NEUTRAL,Team Rocket's Petrel,-1,<NONE>,0.0,0.0,0.0,0.0,0.0,0.0
1,11,0,MAIN,MAIN,1,1,2,PLAY,hand:4,,HAND,NEUTRAL,Buddy-Buddy Poffin,-1,<NONE>,0.0,0.0,0.0,0.0,0.0,0.0
1,11,0,MAIN,MAIN,1,1,3,END,,,,NEUTRAL,<NONE>,-1,<NONE>,0.0,0.0,0.0,0.0,0.0,0.0
1,12,1,MAIN,MAIN,1,1,0,PLAY,hand:0,,HAND,NEUTRAL,Buddy-Buddy Poffin,-1,<NONE>,0.0,0.0,0.0,0.0,0.0,0.0
1,12,1,MAIN,MAIN,1,1,1,EVOLVE,hand:2,board:1,HAND,NEUTRAL,Drakloak,-1,<NONE>,0.0,0.0,0.0,0.0,0.0,0.0
1,12,1,MAIN,MAIN,1,1,2,EVOLVE,hand:2,board:2,HAND,NEUTRAL,Drakloak,-1,<NONE>,0.0,0.0,0.0,0.0,0.0,0.0
1,12,1,MAIN,MAIN,1,1,3,ATTACH,hand:4,board:0,HAND,NEUTRAL,Basic {R} Energy,-1,<NONE>,0.0,0.0,0.0,0.0,0.0,0.0
1,12,1,MAIN,MAIN,1,1,4,ATTACH,hand:4,board:1,HAND,NEUTRAL,Basic {R} Energy,-1,<NONE>,0.0,0.0,0.0,0.0,0.0,0.0
1,12,1,MAIN,MAIN,1,1,5,ATTACH,hand:4,board:2,HAND,NEUTRAL,Basic {R} Energy,-1,<NONE>,0.0,0.0,0.0,0.0,0.0,0.0
1,12,1,MAIN,MAIN,1,1,6,ATTACH,hand:4,board:3,HAND,NEUTRAL,Basic {R} Energy,-1,<NONE>,0.0,0.0,0.0,0.0,0.0,0.0
1,12,1,MAIN,MAIN,1,1,7,ATTACK,,,,NEUTRAL,<NONE>,-1,Itchy Pollen,0.0,0.0,10.0,0.0,0.143,0.0
1,12,1,MAIN,MAIN,1,1,8,RETREAT,,,,NEUTRAL,<NONE>,-1,<NONE>,0.0,0.0,0.0,0.0,0.0,0.0
1,12,1,MAIN,MAIN,1,1,9,END,,,,NEUTRAL,<NONE>,-1,<NONE>,0.0,0.0,0.0,0.0,0.0,0.0
1,13,1,MAIN,MAIN,1,1,0,PLAY,hand:0,,HAND,NEUTRAL,Buddy-Buddy Poffin,-1,<NONE>,0.0,0.0,0.0,0.0,0.0,0.0
1,13,1,MAIN,MAIN,1,1,1,EVOLVE,hand:2,board:1,HAND,NEUTRAL,Drakloak,-1,<NONE>,0.0,0.0,0.0,0.0,0.0,0.0
1,13,1,MAIN,MAIN,1,1,2,EVOLVE,hand:2,board:2,HAND,NEUTRAL,Drakloak,-1,<NONE>,0.0,0.0,0.0,0.0,0.0,0.0
1,13,1,MAIN,MAIN,1,1,3,ATTACK,,,,NEUTRAL,<NONE>,-1,Itchy Pollen,0.0,0.0,10.0,0.0,0.143,0.0
1,13,1,MAIN,MAIN,1,1,4,RETREAT,,,,NEUTRAL,<NONE>,-1,<NONE>,0.0,0.0,0.0,0.0,0.0,0.0
1,13,1,MAIN,MAIN,1,1,5,END,,,,NEUTRAL,<NONE>,-1,<NONE>,0.0,0.0,0.0,0.0,0.0,0.0
1,14,1,MAIN,MAIN,1,1,0,PLAY,hand:0,,HAND,NEUTRAL,Buddy-Buddy Poffin,-1,<NONE>,0.0,0.0,0.0,0.0,0.0,0.0
1,14,1,MAIN,MAIN,1,1,1,ABILITY,board:2,,BENCH,NEUTRAL,Drakloak,-1,<NONE>,0.0,0.0,0.0,0.0,0.0,0.0
1,14,1,MAIN,MAIN,1,1,2,ATTACK,,,,NEUTRAL,<NONE>,-1,Itchy Pollen,0.0,0.0,10.0,0.0,0.143,0.0
1,14,1,MAIN,MAIN,1,1,3,RETREAT,,,,NEUTRAL,<NONE>,-1,<NONE>,0.0,0.0,0.0,0.0,0.0,0.0
1,14,1,MAIN,MAIN,1,1,4,END,,,,NEUTRAL,<NONE>,-1,<NONE>,0.0,0.0,0.0,0.0,0.0,0.0
1,15,0,MAIN,MAIN,1,1,0,ATTACH,hand:0,board:0,HAND,NEUTRAL,Basic {D} Energy,-1,<NONE>,0.0,0.0,0.0,0.0,0.0,0.0
1,15,0,MAIN,MAIN,1,1,1,ATTACH,hand:0,board:1,HAND,NEUTRAL,Basic {D} Energy,-1,<NONE>,0.0,0.0,0.0,0.0,0.0,0.0
1,15,0,MAIN,MAIN,1,1,2,ATTACH,hand:0,board:2,HAND,NEUTRAL,Basic {D} Energy,-1,<NONE>,0.0,0.0,0.0,0.0,0.0,0.0
1,15,0,MAIN,MAIN,1,1,3,PLAY,hand:1,,HAND,NEUTRAL,Poké Pad,-1,<NONE>,0.0,0.0,0.0,0.0,0.0,0.0
1,15,0,MAIN,MAIN,1,1,4,PLAY,hand:2,,HAND,NEUTRAL,Team Rocket's Petrel,-1,<NONE>,0.0,0.0,0.0,0.0,0.0,0.0
1,15,0,MAIN,MAIN,1,1,5,ATTACH,hand:3,board:0,HAND,NEUTRAL,Basic {D} Energy,-1,<NONE>,0.0,0.0,0.0,0.0,0.0,0.0
1,15,0,MAIN,MAIN,1,1,6,ATTACH,hand:3,board:1,HAND,NEUTRAL,Basic {D} Energy,-1,<NONE>,0.0,0.0,0.0,0.0,0.0,0.0
1,15,0,MAIN,MAIN,1,1,7,ATTACH,hand:3,board:2,HAND,NEUTRAL,Basic {D} Energy,-1,<NONE>,0.0,0.0,0.0,0.0,0.0,0.0
1,15,0,MAIN,MAIN,1,1,8,PLAY,hand:4,,HAND,NEUTRAL,Buddy-Buddy Poffin,-1,<NONE>,0.0,0.0,0.0,0.0,0.0,0.0
1,15,0,MAIN,MAIN,1,1,9,PLAY,hand:5,,HAND,NEUTRAL,Lillie's Determination,-1,<NONE>,0.0,0.0,0.0,0.0,0.0,0.0
1,15,0,MAIN,MAIN,1,1,10,END,,,,NEUTRAL,<NONE>,-1,<NONE>,0.0,0.0,0.0,0.0,0.0,0.0
1,16,0,MAIN,MAIN,1,1,0,PLAY,hand:1,,HAND,NEUTRAL,Poké Pad,-1,<NONE>,0.0,0.0,0.0,0.0,0.0,0.0
1,16,0,MAIN,MAIN,1,1,1,PLAY,hand:2,,HAND,NEUTRAL,Team Rocket's Petrel,-1,<NONE>,0.0,0.0,0.0,0.0,0.0,0.0
1,16,0,MAIN,MAIN,1,1,2,PLAY,hand:3,,HAND,NEUTRAL,Buddy-Buddy Poffin,-1,<NONE>,0.0,0.0,0.0,0.0,0.0,0.0
1,16,0,MAIN,MAIN,1,1,3,PLAY,hand:4,,HAND,NEUTRAL,Lillie's Determination,-1,<NONE>,0.0,0.0,0.0,0.0,0.0,0.0
1,16,0,MAIN,MAIN,1,1,4,END,,,,NEUTRAL,<NONE>,-1,<NONE>,0.0,0.0,0.0,0.0,0.0,0.0
1,17,0,TO_HAND,CARD,0,1,0,CARD,,,DECK,ME,Snorunt,-1,<NONE>,0.0,0.0,0.0,0.0,0.0,0.0
1,17,0,TO_HAND,CARD,0,1,1,CARD,,,DECK,ME,Froslass,-1,<NONE>,0.0,0.0,0.0,0.0,0.0,0.0
1,17,0,TO_HAND,CARD,0,1,2,CARD,,,DECK,ME,Yveltal,-1,<NONE>,0.0,0.0,0.0,0.0,0.0,0.0
1,17,0,TO_HAND,CARD,0,1,3,CARD,,,DECK,ME,Marnie's Morgrem,-1,<NONE>,0.0,0.0,0.0,0.0,0.0,0.0
1,17,0,TO_HAND,CARD,0,1,4,CARD,,,DECK,ME,Froslass,-1,<NONE>,0.0,0.0,0.0,0.0,0.0,0.0
1,17,0,TO_HAND,CARD,0,1,5,CARD,,,DECK,ME,Marnie's Impidimp,-1,<NONE>,0.0,0.0,0.0,0.0,0.0,0.0
1,17,0,TO_HAND,CARD,0,1,6,CARD,,,DECK,ME,Munkidori,-1,<NONE>,0.0,0.0,0.0,0.0,0.0,0.0
1,17,0,TO_HAND,CARD,0,1,7,CARD,,,DECK,ME,Marnie's Impidimp,-1,<NONE>,0.0,0.0,0.0,0.0,0.0,0.0
1,17,0,TO_HAND,CARD,0,1,8,CARD,,,DECK,ME,Froslass,-1,<NONE>,0.0,0.0,0.0,0.0,0.0,0.0
1,17,0,TO_HAND,CARD,0,1,9,CARD,,,DECK,ME,Shaymin,-1,<NONE>,0.0,0.0,0.0,0.0,0.0,0.0
1,17,0,TO_HAND,CARD,0,1,10,CARD,,,DECK,ME,Marnie's Morgrem,-1,<NONE>,0.0,0.0,0.0,0.0,0.0,0.0
1,17,0,TO_HAND,CARD,0,1,11,CARD,,,DECK,ME,Budew,-1,<NONE>,0.0,0.0,0.0,0.0,0.0,0.0
1,18,0,MAIN,MAIN,1,1,0,PLAY,hand:1,,HAND,NEUTRAL,Team Rocket's Petrel,-1,<NONE>,0.0,0.0,0.0,0.0,0.0,0.0
1,18,0,MAIN,MAIN,1,1,1,PLAY,hand:2,,HAND,NEUTRAL,Buddy-Buddy Poffin,-1,<NONE>,0.0,0.0,0.0,0.0,0.0,0.0
1,18,0,MAIN,MAIN,1,1,2,PLAY,hand:3,,HAND,NEUTRAL,Lillie's Determination,-1,<NONE>,0.0,0.0,0.0,0.0,0.0,0.0
1,18,0,MAIN,MAIN,1,1,3,END,,,,NEUTRAL,<NONE>,-1,<NONE>,0.0,0.0,0.0,0.0,0.0,0.0
1,19,1,MAIN,MAIN,1,1,0,PLAY,hand:0,,HAND,NEUTRAL,Buddy-Buddy Poffin,-1,<NONE>,0.0,0.0,0.0,0.0,0.0,0.0
1,19,1,MAIN,MAIN,1,1,1,PLAY,hand:3,,HAND,NEUTRAL,Poké Pad,-1,<NONE>,0.0,0.0,0.0,0.0,0.0,0.0
1,19,1,MAIN,MAIN,1,1,2,ABILITY,board:2,,BENCH,NEUTRAL,Drakloak,-1,<NONE>,0.0,0.0,0.0,0.0,0.0,0.0
1,19,1,MAIN,MAIN,1,1,3,ATTACK,,,,NEUTRAL,<NONE>,-1,Itchy Pollen,0.0,0.0,10.0,0.0,0.143,0.0
1,19,1,MAIN,MAIN,1,1,4,RETREAT,,,,NEUTRAL,<NONE>,-1,<NONE>,0.0,0.0,0.0,0.0,0.0,0.0
1,19,1,MAIN,MAIN,1,1,5,END,,,,NEUTRAL,<NONE>,-1,<NONE>,0.0,0.0,0.0,0.0,0.0,0.0
1,20,1,SWITCH,CARD,1,1,0,CARD,board:1,,BENCH,ME,Dreepy,-1,<NONE>,0.0,0.0,0.0,0.0,0.0,0.0
1,20,1,SWITCH,CARD,1,1,1,CARD,board:2,,BENCH,ME,Drakloak,-1,<NONE>,0.0,0.0,0.0,0.0,0.0,0.0
1,20,1,SWITCH,CARD,1,1,2,CARD,board:3,,BENCH,ME,Budew,-1,<NONE>,0.0,0.0,0.0,0.0,0.0,0.0
1,21,1,MAIN,MAIN,1,1,0,PLAY,hand:0,,HAND,NEUTRAL,Buddy-Buddy Poffin,-1,<NONE>,0.0,0.0,0.0,0.0,0.0,0.0
1,21,1,MAIN,MAIN,1,1,1,PLAY,hand:3,,HAND,NEUTRAL,Poké Pad,-1,<NONE>,0.0,0.0,0.0,0.0,0.0,0.0
1,21,1,MAIN,MAIN,1,1,2,ABILITY,board:0,,ACTIVE,NEUTRAL,Drakloak,-1,<NONE>,0.0,0.0,0.0,0.0,0.0,0.0
1,21,1,MAIN,MAIN,1,1,3,END,,,,NEUTRAL,<NONE>,-1,<NONE>,0.0,0.0,0.0,0.0,0.0,0.0
1,22,1,TO_HAND,CARD,1,1,0,CARD,,,LOOKING,ME,Drakloak,-1,<NONE>,0.0,0.0,0.0,0.0,0.0,0.0
1,22,1,TO_HAND,CARD,1,1,1,CARD,,,LOOKING,ME,Crushing Hammer,-1,<NONE>,0.0,0.0,0.0,0.0,0.0,0.0
1,23,1,MAIN,MAIN,1,1,0,PLAY,hand:0,,HAND,NEUTRAL,Buddy-Buddy Poffin,-1,<NONE>,0.0,0.0,0.0,0.0,0.0,0.0
1,23,1,MAIN,MAIN,1,1,1,PLAY,hand:3,,HAND,NEUTRAL,Poké Pad,-1,<NONE>,0.0,0.0,0.0,0.0,0.0,0.0
1,23,1,MAIN,MAIN,1,1,2,EVOLVE,hand:4,board:1,HAND,NEUTRAL,Drakloak,-1,<NONE>,0.0,0.0,0.0,0.0,0.0,0.0
1,23,1,MAIN,MAIN,1,1,3,END,,,,NEUTRAL,<NONE>,-1,<NONE>,0.0,0.0,0.0,0.0,0.0,0.0
1,24,1,TO_HAND,CARD,0,1,0,CARD,,,DECK,ME,Drakloak,-1,<NONE>,0.0,0.0,0.0,0.0,0.0,0.0
1,24,1,TO_HAND,CARD,0,1,1,CARD,,,DECK,ME,Dreepy,-1,<NONE>,0.0,0.0,0.0,0.0,0.0,0.0
1,24,1,TO_HAND,CARD,0,1,2,CARD,,,DECK,ME,Munkidori,-1,<NONE>,0.0,0.0,0.0,0.0,0.0,0.0
1,24,1,TO_HAND,CARD,0,1,3,CARD,,,DECK,ME,Chi-Yu,-1,<NONE>,0.0,0.0,0.0,0.0,0.0,0.0
1,24,1,TO_HAND,CARD,0,1,4,CARD,,,DECK,ME,Munkidori,-1,<NONE>,0.0,0.0,0.0,0.0,0.0,0.0
1,24,1,TO_HAND,CARD,0,1,5,CARD,,,DECK,ME,Dreepy,-1,<NONE>,0.0,0.0,0.0,0.0,0.0,0.0
1,25,1,MAIN,MAIN,1,1,0,PLAY,hand:0,,HAND,NEUTRAL,Buddy-Buddy Poffin,-1,<NONE>,0.0,0.0,0.0,0.0,0.0,0.0
1,25,1,MAIN,MAIN,1,1,1,EVOLVE,hand:3,board:1,HAND,NEUTRAL,Drakloak,-1,<NONE>,0.0,0.0,0.0,0.0,0.0,0.0
1,25,1,MAIN,MAIN,1,1,2,END,,,,NEUTRAL,<NONE>,-1,<NONE>,0.0,0.0,0.0,0.0,0.0,0.0
1,26,1,TO_BENCH,CARD,0,2,0,CARD,,,DECK,ME,Dreepy,-1,<NONE>,0.0,0.0,0.0,0.0,0.0,0.0
1,26,1,TO_BENCH,CARD,0,2,1,CARD,,,DECK,ME,Dreepy,-1,<NONE>,0.0,0.0,0.0,0.0,0.0,0.0
1,27,1,MAIN,MAIN,1,1,0,EVOLVE,hand:2,board:1,HAND,NEUTRAL,Drakloak,-1,<NONE>,0.0,0.0,0.0,0.0,0.0,0.0
1,27,1,MAIN,MAIN,1,1,1,END,,,,NEUTRAL,<NONE>,-1,<NONE>,0.0,0.0,0.0,0.0,0.0,0.0
1,28,0,MAIN,MAIN,1,1,0,ATTACH,hand:0,board:0,HAND,NEUTRAL,Basic {D} Energy,-1,<NONE>,0.0,0.0,0.0,0.0,0.0,0.0
1,28,0,MAIN,MAIN,1,1,1,ATTACH,hand:0,board:1,HAND,NEUTRAL,Basic {D} Energy,-1,<NONE>,0.0,0.0,0.0,0.0,0.0,0.0
1,28,0,MAIN,MAIN,1,1,2,ATTACH,hand:0,board:2,HAND,NEUTRAL,Basic {D} Energy,-1,<NONE>,0.0,0.0,0.0,0.0,0.0,0.0
1,28,0,MAIN,MAIN,1,1,3,PLAY,hand:1,,HAND,NEUTRAL,Team Rocket's Petrel,-1,<NONE>,0.0,0.0,0.0,0.0,0.0,0.0
1,28,0,MAIN,MAIN,1,1,4,PLAY,hand:2,,HAND,NEUTRAL,Buddy-Buddy Poffin,-1,<NONE>,0.0,0.0,0.0,0.0,0.0,0.0
1,28,0,MAIN,MAIN,1,1,5,PLAY,hand:3,,HAND,NEUTRAL,Lillie's Determination,-1,<NONE>,0.0,0.0,0.0,0.0,0.0,0.0
1,28,0,MAIN,MAIN,1,1,6,END,,,,NEUTRAL,<NONE>,-1,<NONE>,0.0,0.0,0.0,0.0,0.0,0.0
1,29,0,MAIN,MAIN,1,1,0,PLAY,hand:0,,HAND,NEUTRAL,Team Rocket's Petrel,-1,<NONE>,0.0,0.0,0.0,0.0,0.0,0.0
1,29,0,MAIN,MAIN,1,1,1,PLAY,hand:1,,HAND,NEUTRAL,Buddy-Buddy Poffin,-1,<NONE>,0.0,0.0,0.0,0.0,0.0,0.0
1,29,0,MAIN,MAIN,1,1,2,PLAY,hand:2,,HAND,NEUTRAL,Lillie's Determination,-1,<NONE>,0.0,0.0,0.0,0.0,0.0,0.0
1,29,0,MAIN,MAIN,1,1,3,END,,,,NEUTRAL,<NONE>,-1,<NONE>,0.0,0.0,0.0,0.0,0.0,0.0
1,30,0,TO_HAND,CARD,0,1,0,CARD,,,DECK,ME,Tool Scrapper,-1,<NONE>,0.0,0.0,0.0,0.0,0.0,0.0
1,30,0,TO_HAND,CARD,0,1,1,CARD,,,DECK,ME,Rare Candy,-1,<NONE>,0.0,0.0,0.0,0.0,0.0,0.0
1,30,0,TO_HAND,CARD,0,1,2,CARD,,,DECK,ME,Lillie's Determination,-1,<NONE>,0.0,0.0,0.0,0.0,0.0,0.0
1,30,0,TO_HAND,CARD,0,1,3,CARD,,,DECK,ME,Buddy-Buddy Poffin,-1,<NONE>,0.0,0.0,0.0,0.0,0.0,0.0
1,30,0,TO_HAND,CARD,0,1,4,CARD,,,DECK,ME,Team Rocket's Petrel,-1,<NONE>,0.0,0.0,0.0,0.0,0.0,0.0
1,30,0,TO_HAND,CARD,0,1,5,CARD,,,DECK,ME,Boss’s Orders,-1,<NONE>,0.0,0.0,0.0,0.0,0.0,0.0
1,30,0,TO_HAND,CARD,0,1,6,CARD,,,DECK,ME,Spikemuth Gym,-1,<NONE>,0.0,0.0,0.0,0.0,0.0,0.0
1,30,0,TO_HAND,CARD,0,1,7,CARD,,,DECK,ME,Boss’s Orders,-1,<NONE>,0.0,0.0,0.0,0.0,0.0,0.0
1,30,0,TO_HAND,CARD,0,1,8,CARD,,,DECK,ME,Rare Candy,-1,<NONE>,0.0,0.0,0.0,0.0,0.0,0.0
1,30,0,TO_HAND,CARD,0,1,9,CARD,,,DECK,ME,Spikemuth Gym,-1,<NONE>,0.0,0.0,0.0,0.0,0.0,0.0
1,30,0,TO_HAND,CARD,0,1,10,CARD,,,DECK,ME,Gwynn,-1,<NONE>,0.0,0.0,0.0,0.0,0.0,0.0
1,30,0,TO_HAND,CARD,0,1,11,CARD,,,DECK,ME,Poké Pad,-1,<NONE>,0.0,0.0,0.0,0.0,0.0,0.0
1,30,0,TO_HAND,CARD,0,1,12,CARD,,,DECK,ME,Team Rocket's Petrel,-1,<NONE>,0.0,0.0,0.0,0.0,0.0,0.0
1,30,0,TO_HAND,CARD,0,1,13,CARD,,,DECK,ME,Night Stretcher,-1,<NONE>,0.0,0.0,0.0,0.0,0.0,0.0
1,30,0,TO_HAND,CARD,0,1,14,CARD,,,DECK,ME,Poké Pad,-1,<NONE>,0.0,0.0,0.0,0.0,0.0,0.0
1,30,0,TO_HAND,CARD,0,1,15,CARD,,,DECK,ME,Spikemuth Gym,-1,<NONE>,0.0,0.0,0.0,0.0,0.0,0.0
1,30,0,TO_HAND,CARD,0,1,16,CARD,,,DECK,ME,Buddy-Buddy Poffin,-1,<NONE>,0.0,0.0,0.0,0.0,0.0,0.0
1,30,0,TO_HAND,CARD,0,1,17,CARD,,,DECK,ME,Spikemuth Gym,-1,<NONE>,0.0,0.0,0.0,0.0,0.0,0.0
1,30,0,TO_HAND,CARD,0,1,18,CARD,,,DECK,ME,Lillie's Determination,-1,<NONE>,0.0,0.0,0.0,0.0,0.0,0.0
1,30,0,TO_HAND,CARD,0,1,19,CARD,,,DECK,ME,Team Rocket's Petrel,-1,<NONE>,0.0,0.0,0.0,0.0,0.0,0.0
1,30,0,TO_HAND,CARD,0,1,20,CARD,,,DECK,ME,Night Stretcher,-1,<NONE>,0.0,0.0,0.0,0.0,0.0,0.0
1,30,0,TO_HAND,CARD,0,1,21,CARD,,,DECK,ME,Lillie's Determination,-1,<NONE>,0.0,0.0,0.0,0.0,0.0,0.0
1,30,0,TO_HAND,CARD,0,1,22,CARD,,,DECK,ME,Precious Trolley,-1,<NONE>,0.0,0.0,0.0,0.0,0.0,0.0
1,30,0,TO_HAND,CARD,0,1,23,CARD,,,DECK,ME,Air Balloon,-1,<NONE>,0.0,0.0,0.0,0.0,0.0,0.0
1,31,0,MAIN,MAIN,1,1,0,PLAY,hand:0,,HAND,NEUTRAL,Buddy-Buddy Poffin,-1,<NONE>,0.0,0.0,0.0,0.0,0.0,0.0
1,31,0,MAIN,MAIN,1,1,1,PLAY,hand:3,,HAND,NEUTRAL,Spikemuth Gym,-1,<NONE>,0.0,0.0,0.0,0.0,0.0,0.0
1,31,0,MAIN,MAIN,1,1,2,END,,,,NEUTRAL,<NONE>,-1,<NONE>,0.0,0.0,0.0,0.0,0.0,0.0
1,32,1,MAIN,MAIN,1,1,0,EVOLVE,hand:2,board:1,HAND,NEUTRAL,Drakloak,-1,<NONE>,0.0,0.0,0.0,0.0,0.0,0.0
1,32,1,MAIN,MAIN,1,1,1,PLAY,hand:3,,HAND,NEUTRAL,Poké Pad,-1,<NONE>,0.0,0.0,0.0,0.0,0.0,0.0
1,32,1,MAIN,MAIN,1,1,2,ABILITY,board:0,,ACTIVE,NEUTRAL,Drakloak,-1,<NONE>,0.0,0.0,0.0,0.0,0.0,0.0
1,32,1,MAIN,MAIN,1,1,3,RETREAT,,,,NEUTRAL,<NONE>,-1,<NONE>,0.0,0.0,0.0,0.0,0.0,0.0
1,32,1,MAIN,MAIN,1,1,4,END,,,,NEUTRAL,<NONE>,-1,<NONE>,0.0,0.0,0.0,0.0,0.0,0.0
1,33,1,DISCARD_ENERGY,ENERGY,1,1,0,ENERGY,board:0,,ACTIVE,ME,Basic {R} Energy,0,<NONE>,0.0,1.0,0.0,0.0,0.0,0.0
1,34,1,SWITCH,CARD,1,1,0,CARD,board:1,,BENCH,ME,Dreepy,-1,<NONE>,0.0,0.0,0.0,0.0,0.0,0.0
1,34,1,SWITCH,CARD,1,1,1,CARD,board:2,,BENCH,ME,Budew,-1,<NONE>,0.0,0.0,0.0,0.0,0.0,0.0
1,34,1,SWITCH,CARD,1,1,2,CARD,board:3,,BENCH,ME,Budew,-1,<NONE>,0.0,0.0,0.0,0.0,0.0,0.0
1,35,1,MAIN,MAIN,1,1,0,PLAY,hand:0,,HAND,NEUTRAL,Night Stretcher,-1,<NONE>,0.0,0.0,0.0,0.0,0.0,0.0
1,35,1,MAIN,MAIN,1,1,1,PLAY,hand:1,,HAND,NEUTRAL,Night Stretcher,-1,<NONE>,0.0,0.0,0.0,0.0,0.0,0.0
1,35,1,MAIN,MAIN,1,1,2,EVOLVE,hand:2,board:1,HAND,NEUTRAL,Drakloak,-1,<NONE>,0.0,0.0,0.0,0.0,0.0,0.0
1,35,1,MAIN,MAIN,1,1,3,PLAY,hand:3,,HAND,NEUTRAL,Poké Pad,-1,<NONE>,0.0,0.0,0.0,0.0,0.0,0.0
1,35,1,MAIN,MAIN,1,1,4,ABILITY,board:3,,BENCH,NEUTRAL,Drakloak,-1,<NONE>,0.0,0.0,0.0,0.0,0.0,0.0
1,35,1,MAIN,MAIN,1,1,5,ATTACK,,,,NEUTRAL,<NONE>,-1,Itchy Pollen,0.0,0.0,10.0,0.0,0.143,0.0
1,35,1,MAIN,MAIN,1,1,6,END,,,,NEUTRAL,<NONE>,-1,<NONE>,0.0,0.0,0.0,0.0,0.0,0.0
1,36,1,MAIN,MAIN,1,1,0,PLAY,hand:0,,HAND,NEUTRAL,Night Stretcher,-1,<NONE>,0.0,0.0,0.0,0.0,0.0,0.0
1,36,1,MAIN,MAIN,1,1,1,PLAY,hand:1,,HAND,NEUTRAL,Night Stretcher,-1,<NONE>,0.0,0.0,0.0,0.0,0.0,0.0
1,36,1,MAIN,MAIN,1,1,2,PLAY,hand:2,,HAND,NEUTRAL,Poké Pad,-1,<NONE>,0.0,0.0,0.0,0.0,0.0,0.0
1,36,1,MAIN,MAIN,1,1,3,ABILITY,board:1,,BENCH,NEUTRAL,Drakloak,-1,<NONE>,0.0,0.0,0.0,0.0,0.0,0.0
1,36,1,MAIN,MAIN,1,1,4,ABILITY,board:3,,BENCH,NEUTRAL,Drakloak,-1,<NONE>,0.0,0.0,0.0,0.0,0.0,0.0
1,36,1,MAIN,MAIN,1,1,5,ATTACK,,,,NEUTRAL,<NONE>,-1,Itchy Pollen,0.0,0.0,10.0,0.0,0.143,0.0
1,36,1,MAIN,MAIN,1,1,6,END,,,,NEUTRAL,<NONE>,-1,<NONE>,0.0,0.0,0.0,0.0,0.0,0.0
1,37,1,TO_HAND,CARD,1,1,0,CARD,,,DISCARD,ME,Basic {R} Energy,-1,<NONE>,0.0,0.0,0.0,0.0,0.0,0.0
1,38,1,MAIN,MAIN,1,1,0,PLAY,hand:1,,HAND,NEUTRAL,Poké Pad,-1,<NONE>,0.0,0.0,0.0,0.0,0.0,0.0
1,38,1,MAIN,MAIN,1,1,1,ATTACH,hand:2,board:0,HAND,NEUTRAL,Basic {R} Energy,-1,<NONE>,0.0,0.0,0.0,0.0,0.0,0.0
1,38,1,MAIN,MAIN,1,1,2,ATTACH,hand:2,board:1,HAND,NEUTRAL,Basic {R} Energy,-1,<NONE>,0.0,0.0,0.0,0.0,0.0,0.0
1,38,1,MAIN,MAIN,1,1,3,ATTACH,hand:2,board:2,HAND,NEUTRAL,Basic {R} Energy,-1,<NONE>,0.0,0.0,0.0,0.0,0.0,0.0
1,38,1,MAIN,MAIN,1,1,4,ATTACH,hand:2,board:3,HAND,NEUTRAL,Basic {R} Energy,-1,<NONE>,0.0,0.0,0.0,0.0,0.0,0.0
1,38,1,MAIN,MAIN,1,1,5,ABILITY,board:1,,BENCH,NEUTRAL,Drakloak,-1,<NONE>,0.0,0.0,0.0,0.0,0.0,0.0
1,38,1,MAIN,MAIN,1,1,6,ABILITY,board:3,,BENCH,NEUTRAL,Drakloak,-1,<NONE>,0.0,0.0,0.0,0.0,0.0,0.0
1,38,1,MAIN,MAIN,1,1,7,ATTACK,,,,NEUTRAL,<NONE>,-1,Itchy Pollen,0.0,0.0,10.0,0.0,0.143,0.0
1,38,1,MAIN,MAIN,1,1,8,END,,,,NEUTRAL,<NONE>,-1,<NONE>,0.0,0.0,0.0,0.0,0.0,0.0
1,39,0,MAIN,MAIN,1,1,0,PLAY,hand:1,,HAND,NEUTRAL,Lillie's Determination,-1,<NONE>,0.0,0.0,0.0,0.0,0.0,0.0
1,39,0,MAIN,MAIN,1,1,1,PLAY,hand:3,,HAND,NEUTRAL,Spikemuth Gym,-1,<NONE>,0.0,0.0,0.0,0.0,0.0,0.0
1,39,0,MAIN,MAIN,1,1,2,ABILITY,board:1,,BENCH,NEUTRAL,Munkidori,-1,<NONE>,0.0,0.0,0.0,0.0,0.0,0.0
1,39,0,MAIN,MAIN,1,1,3,END,,,,NEUTRAL,<NONE>,-1,<NONE>,0.0,0.0,0.0,0.0,0.0,0.0
1,40,0,MAIN,MAIN,1,1,0,PLAY,hand:1,,HAND,NEUTRAL,Munkidori,-1,<NONE>,0.0,0.0,0.0,0.0,0.0,0.0
1,40,0,MAIN,MAIN,1,1,1,PLAY,hand:3,,HAND,NEUTRAL,Marnie's Impidimp,-1,<NONE>,0.0,0.0,0.0,0.0,0.0,0.0
1,40,0,MAIN,MAIN,1,1,2,PLAY,hand:7,,HAND,NEUTRAL,Spikemuth Gym,-1,<NONE>,0.0,0.0,0.0,0.0,0.0,0.0
1,40,0,MAIN,MAIN,1,1,3,ABILITY,board:1,,BENCH,NEUTRAL,Munkidori,-1,<NONE>,0.0,0.0,0.0,0.0,0.0,0.0
1,40,0,MAIN,MAIN,1,1,4,END,,,,NEUTRAL,<NONE>,-1,<NONE>,0.0,0.0,0.0,0.0,0.0,0.0
1,41,0,MAIN,MAIN,1,1,0,PLAY,hand:1,,HAND,NEUTRAL,Munkidori,-1,<NONE>,0.0,0.0,0.0,0.0,0.0,0.0
1,41,0,MAIN,MAIN,1,1,1,PLAY,hand:6,,HAND,NEUTRAL,Spikemuth Gym,-1,<NONE>,0.0,0.0,0.0,0.0,0.0,0.0
1,41,0,MAIN,MAIN,1,1,2,ABILITY,board:1,,BENCH,NEUTRAL,Munkidori,-1,<NONE>,0.0,0.0,0.0,0.0,0.0,0.0
1,41,0,MAIN,MAIN,1,1,3,END,,,,NEUTRAL,<NONE>,-1,<NONE>,0.0,0.0,0.0,0.0,0.0,0.0
1,42,0,MAIN,MAIN,1,1,0,PLAY,hand:5,,HAND,NEUTRAL,Spikemuth Gym,-1,<NONE>,0.0,0.0,0.0,0.0,0.0,0.0
1,42,0,MAIN,MAIN,1,1,1,ABILITY,board:1,,BENCH,NEUTRAL,Munkidori,-1,<NONE>,0.0,0.0,0.0,0.0,0.0,0.0
1,42,0,MAIN,MAIN,1,1,2,END,,,,NEUTRAL,<NONE>,-1,<NONE>,0.0,0.0,0.0,0.0,0.0,0.0
1,43,1,MAIN,MAIN,1,1,0,PLAY,hand:1,,HAND,NEUTRAL,Poké Pad,-1,<NONE>,0.0,0.0,0.0,0.0,0.0,0.0
1,43,1,MAIN,MAIN,1,1,1,ATTACH,hand:2,board:0,HAND,NEUTRAL,Basic {R} Energy,-1,<NONE>,0.0,0.0,0.0,0.0,0.0,0.0
1,43,1,MAIN,MAIN,1,1,2,ATTACH,hand:2,board:1,HAND,NEUTRAL,Basic {R} Energy,-1,<NONE>,0.0,0.0,0.0,0.0,0.0,0.0
1,43,1,MAIN,MAIN,1,1,3,ATTACH,hand:2,board:2,HAND,NEUTRAL,Basic {R} Energy,-1,<NONE>,0.0,0.0,0.0,0.0,0.0,0.0
1,43,1,MAIN,MAIN,1,1,4,ATTACH,hand:2,board:3,HAND,NEUTRAL,Basic {R} Energy,-1,<NONE>,0.0,0.0,0.0,0.0,0.0,0.0
1,43,1,MAIN,MAIN,1,1,5,PLAY,hand:3,,HAND,NEUTRAL,Dreepy,-1,<NONE>,0.0,0.0,0.0,0.0,0.0,0.0
1,43,1,MAIN,MAIN,1,1,6,ABILITY,board:1,,BENCH,NEUTRAL,Drakloak,-1,<NONE>,0.0,0.0,0.0,0.0,0.0,0.0
1,43,1,MAIN,MAIN,1,1,7,ABILITY,board:3,,BENCH,NEUTRAL,Drakloak,-1,<NONE>,0.0,0.0,0.0,0.0,0.0,0.0
1,43,1,MAIN,MAIN,1,1,8,ATTACK,,,,NEUTRAL,<NONE>,-1,Itchy Pollen,0.0,0.0,10.0,0.0,0.2,0.0
1,43,1,MAIN,MAIN,1,1,9,RETREAT,,,,NEUTRAL,<NONE>,-1,<NONE>,0.0,0.0,0.0,0.0,0.0,0.0
1,43,1,MAIN,MAIN,1,1,10,END,,,,NEUTRAL,<NONE>,-1,<NONE>,0.0,0.0,0.0,0.0,0.0,0.0
1,44,0,MAIN,MAIN,1,1,0,PLAY,hand:4,,HAND,NEUTRAL,Team Rocket's Petrel,-1,<NONE>,0.0,0.0,0.0,0.0,0.0,0.0
1,44,0,MAIN,MAIN,1,1,1,PLAY,hand:5,,HAND,NEUTRAL,Spikemuth Gym,-1,<NONE>,0.0,0.0,0.0,0.0,0.0,0.0
1,44,0,MAIN,MAIN,1,1,2,ATTACH,hand:6,board:0,HAND,NEUTRAL,Basic {D} Energy,-1,<NONE>,0.0,0.0,0.0,0.0,0.0,0.0
1,44,0,MAIN,MAIN,1,1,3,ATTACH,hand:6,board:1,HAND,NEUTRAL,Basic {D} Energy,-1,<NONE>,0.0,0.0,0.0,0.0,0.0,0.0
1,44,0,MAIN,MAIN,1,1,4,ATTACH,hand:6,board:2,HAND,NEUTRAL,Basic {D} Energy,-1,<NONE>,0.0,0.0,0.0,0.0,0.0,0.0
1,44,0,MAIN,MAIN,1,1,5,ATTACH,hand:6,board:3,HAND,NEUTRAL,Basic {D} Energy,-1,<NONE>,0.0,0.0,0.0,0.0,0.0,0.0
1,44,0,MAIN,MAIN,1,1,6,ATTACH,hand:6,board:4,HAND,NEUTRAL,Basic {D} Energy,-1,<NONE>,0.0,0.0,0.0,0.0,0.0,0.0
1,44,0,MAIN,MAIN,1,1,7,ABILITY,board:1,,BENCH,NEUTRAL,Munkidori,-1,<NONE>,0.0,0.0,0.0,0.0,0.0,0.0
1,44,0,MAIN,MAIN,1,1,8,END,,,,NEUTRAL,<NONE>,-1,<NONE>,0.0,0.0,0.0,0.0,0.0,0.0
1,45,0,MAIN,MAIN,1,1,0,PLAY,hand:4,,HAND,NEUTRAL,Team Rocket's Petrel,-1,<NONE>,0.0,0.0,0.0,0.0,0.0,0.0
1,45,0,MAIN,MAIN,1,1,1,PLAY,hand:5,,HAND,NEUTRAL,Spikemuth Gym,-1,<NONE>,0.0,0.0,0.0,0.0,0.0,0.0
1,45,0,MAIN,MAIN,1,1,2,ABILITY,board:1,,BENCH,NEUTRAL,Munkidori,-1,<NONE>,0.0,0.0,0.0,0.0,0.0,0.0
1,45,0,MAIN,MAIN,1,1,3,END,,,,NEUTRAL,<NONE>,-1,<NONE>,0.0,0.0,0.0,0.0,0.0,0.0
1,46,0,REMOVE_DAMAGE_COUNTER,CARD,1,1,0,CARD,board:0,,ACTIVE,ME,Marnie's Impidimp,-1,<NONE>,0.0,0.0,0.0,0.0,0.0,0.0
1,47,0,REMOVE_DAMAGE_COUNTER_COUNT,COUNT,1,1,0,NUMBER,,,,NEUTRAL,<NONE>,-1,<NONE>,1.0,0.0,0.0,0.0,0.0,0.0
1,47,0,REMOVE_DAMAGE_COUNTER_COUNT,COUNT,1,1,1,NUMBER,,,,NEUTRAL,<NONE>,-1,<NONE>,2.0,0.0,0.0,0.0,0.0,0.0
1,47,0,REMOVE_DAMAGE_COUNTER_COUNT,COUNT,1,1,2,NUMBER,,,,NEUTRAL,<NONE>,-1,<NONE>,3.0,0.0,0.0,0.0,0.0,0.0
1,48,0,DAMAGE_COUNTER,CARD,1,1,0,CARD,board:9,,ACTIVE,OPP,Budew,-1,<NONE>,0.0,0.0,0.0,0.0,0.0,0.0
1,48,0,DAMAGE_COUNTER,CARD,1,1,1,CARD,board:10,,BENCH,OPP,Drakloak,-1,<NONE>,0.0,0.0,0.0,0.0,0.0,0.0
1,48,0,DAMAGE_COUNTER,CARD,1,1,2,CARD,board:11,,BENCH,OPP,Budew,-1,<NONE>,0.0,0.0,0.0,0.0,0.0,0.0
1,48,0,DAMAGE_COUNTER,CARD,1,1,3,CARD,board:12,,BENCH,OPP,Drakloak,-1,<NONE>,0.0,0.0,0.0,0.0,0.0,0.0
1,49,0,MAIN,MAIN,1,1,0,PLAY,hand:4,,HAND,NEUTRAL,Team Rocket's Petrel,-1,<NONE>,0.0,0.0,0.0,0.0,0.0,0.0
1,49,0,MAIN,MAIN,1,1,1,PLAY,hand:5,,HAND,NEUTRAL,Spikemuth Gym,-1,<NONE>,0.0,0.0,0.0,0.0,0.0,0.0
1,49,0,MAIN,MAIN,1,1,2,END,,,,NEUTRAL,<NONE>,-1,<NONE>,0.0,0.0,0.0,0.0,0.0,0.0
1,50,1,MAIN,MAIN,1,1,0,PLAY,hand:1,,HAND,NEUTRAL,Poké Pad,-1,<NONE>,0.0,0.0,0.0,0.0,0.0,0.0
1,50,1,MAIN,MAIN,1,1,1,ATTACH,hand:2,board:0,HAND,NEUTRAL,Basic {R} Energy,-1,<NONE>,0.0,0.0,0.0,0.0,0.0,0.0
1,50,1,MAIN,MAIN,1,1,2,ATTACH,hand:2,board:1,HAND,NEUTRAL,Basic {R} Energy,-1,<NONE>,0.0,0.0,0.0,0.0,0.0,0.0
1,50,1,MAIN,MAIN,1,1,3,ATTACH,hand:2,board:2,HAND,NEUTRAL,Basic {R} Energy,-1,<NONE>,0.0,0.0,0.0,0.0,0.0,0.0
1,50,1,MAIN,MAIN,1,1,4,ATTACH,hand:2,board:3,HAND,NEUTRAL,Basic {R} Energy,-1,<NONE>,0.0,0.0,0.0,0.0,0.0,0.0
1,50,1,MAIN,MAIN,1,1,5,PLAY,hand:3,,HAND,NEUTRAL,Dreepy,-1,<NONE>,0.0,0.0,0.0,0.0,0.0,0.0
1,50,1,MAIN,MAIN,1,1,6,PLAY,hand:4,,HAND,NEUTRAL,Lillie's Determination,-1,<NONE>,0.0,0.0,0.0,0.0,0.0,0.0
1,50,1,MAIN,MAIN,1,1,7,ABILITY,board:1,,BENCH,NEUTRAL,Drakloak,-1,<NONE>,0.0,0.0,0.0,0.0,0.0,0.0
1,50,1,MAIN,MAIN,1,1,8,ABILITY,board:3,,BENCH,NEUTRAL,Drakloak,-1,<NONE>,0.0,0.0,0.0,0.0,0.0,0.0
1,50,1,MAIN,MAIN,1,1,9,ATTACK,,,,NEUTRAL,<NONE>,-1,Itchy Pollen,0.0,0.0,10.0,0.0,0.25,0.0
1,50,1,MAIN,MAIN,1,1,10,RETREAT,,,,NEUTRAL,<NONE>,-1,<NONE>,0.0,0.0,0.0,0.0,0.0,0.0
1,50,1,MAIN,MAIN,1,1,11,END,,,,NEUTRAL,<NONE>,-1,<NONE>,0.0,0.0,0.0,0.0,0.0,0.0
1,51,1,MAIN,MAIN,1,1,0,PLAY,hand:1,,HAND,NEUTRAL,Poké Pad,-1,<NONE>,0.0,0.0,0.0,0.0,0.0,0.0
1,51,1,MAIN,MAIN,1,1,1,PLAY,hand:2,,HAND,NEUTRAL,Dreepy,-1,<NONE>,0.0,0.0,0.0,0.0,0.0,0.0
1,51,1,MAIN,MAIN,1,1,2,PLAY,hand:3,,HAND,NEUTRAL,Lillie's Determination,-1,<NONE>,0.0,0.0,0.0,0.0,0.0,0.0
1,51,1,MAIN,MAIN,1,1,3,ABILITY,board:1,,BENCH,NEUTRAL,Drakloak,-1,<NONE>,0.0,0.0,0.0,0.0,0.0,0.0
1,51,1,MAIN,MAIN,1,1,4,ABILITY,board:3,,BENCH,NEUTRAL,Drakloak,-1,<NONE>,0.0,0.0,0.0,0.0,0.0,0.0
1,51,1,MAIN,MAIN,1,1,5,ATTACK,,,,NEUTRAL,<NONE>,-1,Itchy Pollen,0.0,0.0,10.0,0.0,0.25,0.0
1,51,1,MAIN,MAIN,1,1,6,RETREAT,,,,NEUTRAL,<NONE>,-1,<NONE>,0.0,0.0,0.0,0.0,0.0,0.0
1,51,1,MAIN,MAIN,1,1,7,END,,,,NEUTRAL,<NONE>,-1,<NONE>,0.0,0.0,0.0,0.0,0.0,0.0
1,52,1,TO_HAND,CARD,0,1,0,CARD,,,DECK,ME,Drakloak,-1,<NONE>,0.0,0.0,0.0,0.0,0.0,0.0
1,52,1,TO_HAND,CARD,0,1,1,CARD,,,DECK,ME,Chi-Yu,-1,<NONE>,0.0,0.0,0.0,0.0,0.0,0.0
1,52,1,TO_HAND,CARD,0,1,2,CARD,,,DECK,ME,Munkidori,-1,<NONE>,0.0,0.0,0.0,0.0,0.0,0.0
1,52,1,TO_HAND,CARD,0,1,3,CARD,,,DECK,ME,Dreepy,-1,<NONE>,0.0,0.0,0.0,0.0,0.0,0.0
1,52,1,TO_HAND,CARD,0,1,4,CARD,,,DECK,ME,Munkidori,-1,<NONE>,0.0,0.0,0.0,0.0,0.0,0.0
1,53,1,MAIN,MAIN,1,1,0,PLAY,hand:1,,HAND,NEUTRAL,Dreepy,-1,<NONE>,0.0,0.0,0.0,0.0,0.0,0.0
1,53,1,MAIN,MAIN,1,1,1,PLAY,hand:2,,HAND,NEUTRAL,Lillie's Determination,-1,<NONE>,0.0,0.0,0.0,0.0,0.0,0.0
1,53,1,MAIN,MAIN,1,1,2,ABILITY,board:1,,BENCH,NEUTRAL,Drakloak,-1,<NONE>,0.0,0.0,0.0,0.0,0.0,0.0
1,53,1,MAIN,MAIN,1,1,3,ABILITY,board:3,,BENCH,NEUTRAL,Drakloak,-1,<NONE>,0.0,0.0,0.0,0.0,0.0,0.0
1,53,1,MAIN,MAIN,1,1,4,ATTACK,,,,NEUTRAL,<NONE>,-1,Itchy Pollen,0.0,0.0,10.0,0.0,0.25,0.0
1,53,1,MAIN,MAIN,1,1,5,RETREAT,,,,NEUTRAL,<NONE>,-1,<NONE>,0.0,0.0,0.0,0.0,0.0,0.0
1,53,1,MAIN,MAIN,1,1,6,END,,,,NEUTRAL,<NONE>,-1,<NONE>,0.0,0.0,0.0,0.0,0.0,0.0
1,54,1,TO_HAND,CARD,1,1,0,CARD,,,LOOKING,ME,Lillie's Determination,-1,<NONE>,0.0,0.0,0.0,0.0,0.0,0.0
1,54,1,TO_HAND,CARD,1,1,1,CARD,,,LOOKING,ME,Munkidori,-1,<NONE>,0.0,0.0,0.0,0.0,0.0,0.0
1,55,1,MAIN,MAIN,1,1,0,PLAY,hand:1,,HAND,NEUTRAL,Dreepy,-1,<NONE>,0.0,0.0,0.0,0.0,0.0,0.0
1,55,1,MAIN,MAIN,1,1,1,PLAY,hand:2,,HAND,NEUTRAL,Lillie's Determination,-1,<NONE>,0.0,0.0,0.0,0.0,0.0,0.0
1,55,1,MAIN,MAIN,1,1,2,PLAY,hand:4,,HAND,NEUTRAL,Munkidori,-1,<NONE>,0.0,0.0,0.0,0.0,0.0,0.0
1,55,1,MAIN,MAIN,1,1,3,ABILITY,board:3,,BENCH,NEUTRAL,Drakloak,-1,<NONE>,0.0,0.0,0.0,0.0,0.0,0.0
1,55,1,MAIN,MAIN,1,1,4,ATTACK,,,,NEUTRAL,<NONE>,-1,Itchy Pollen,0.0,0.0,10.0,0.0,0.25,0.0
1,55,1,MAIN,MAIN,1,1,5,RETREAT,,,,NEUTRAL,<NONE>,-1,<NONE>,0.0,0.0,0.0,0.0,0.0,0.0
1,55,1,MAIN,MAIN,1,1,6,END,,,,NEUTRAL,<NONE>,-1,<NONE>,0.0,0.0,0.0,0.0,0.0,0.0
1,56,0,MAIN,MAIN,1,1,0,PLAY,hand:1,,HAND,NEUTRAL,Poké Pad,-1,<NONE>,0.0,0.0,0.0,0.0,0.0,0.0
1,56,0,MAIN,MAIN,1,1,1,PLAY,hand:2,,HAND,NEUTRAL,Rare Candy,-1,<NONE>,0.0,0.0,0.0,0.0,0.0,0.0
1,56,0,MAIN,MAIN,1,1,2,PLAY,hand:3,,HAND,NEUTRAL,Buddy-Buddy Poffin,-1,<NONE>,0.0,0.0,0.0,0.0,0.0,0.0
1,56,0,MAIN,MAIN,1,1,3,PLAY,hand:4,,HAND,NEUTRAL,Team Rocket's Petrel,-1,<NONE>,0.0,0.0,0.0,0.0,0.0,0.0
1,56,0,MAIN,MAIN,1,1,4,PLAY,hand:5,,HAND,NEUTRAL,Spikemuth Gym,-1,<NONE>,0.0,0.0,0.0,0.0,0.0,0.0
1,56,0,MAIN,MAIN,1,1,5,PLAY,hand:6,,HAND,NEUTRAL,Boss’s Orders,-1,<NONE>,0.0,0.0,0.0,0.0,0.0,0.0
1,56,0,MAIN,MAIN,1,1,6,ABILITY,board:1,,BENCH,NEUTRAL,Munkidori,-1,<NONE>,0.0,0.0,0.0,0.0,0.0,0.0
1,56,0,MAIN,MAIN,1,1,7,END,,,,NEUTRAL,<NONE>,-1,<NONE>,0.0,0.0,0.0,0.0,0.0,0.0
1,57,0,EVOLVE,EVOLVE,1,1,0,EVOLVE,hand:0,board:0,HAND,NEUTRAL,Marnie's Grimmsnarl ex,-1,<NONE>,0.0,0.0,0.0,0.0,0.0,0.0
1,57,0,EVOLVE,EVOLVE,1,1,1,EVOLVE,hand:0,board:3,HAND,NEUTRAL,Marnie's Grimmsnarl ex,-1,<NONE>,0.0,0.0,0.0,0.0,0.0,0.0
1,58,0,ACTIVATE,YES_NO,1,1,0,YES,,,,NEUTRAL,<NONE>,-1,<NONE>,0.0,0.0,0.0,0.0,0.0,0.0
1,58,0,ACTIVATE,YES_NO,1,1,1,NO,,,,NEUTRAL,<NONE>,-1,<NONE>,0.0,0.0,0.0,0.0,0.0,0.0
1,59,0,ATTACH_TO,CARD,0,4,0,CARD,,,DECK,ME,Basic {D} Energy,-1,<NONE>,0.0,0.0,0.0,0.0,0.0,0.0
1,59,0,ATTACH_TO,CARD,0,4,1,CARD,,,DECK,ME,Basic {D} Energy,-1,<NONE>,0.0,0.0,0.0,0.0,0.0,0.0
1,59,0,ATTACH_TO,CARD,0,4,2,CARD,,,DECK,ME,Basic {D} Energy,-1,<NONE>,0.0,0.0,0.0,0.0,0.0,0.0
1,59,0,ATTACH_TO,CARD,0,4,3,CARD,,,DECK,ME,Basic {D} Energy,-1,<NONE>,0.0,0.0,0.0,0.0,0.0,0.0
1,60,0,MAIN,MAIN,1,1,0,PLAY,hand:0,,HAND,NEUTRAL,Poké Pad,-1,<NONE>,0.0,0.0,0.0,0.0,0.0,0.0
1,60,0,MAIN,MAIN,1,1,1,PLAY,hand:1,,HAND,NEUTRAL,Buddy-Buddy Poffin,-1,<NONE>,0.0,0.0,0.0,0.0,0.0,0.0
1,60,0,MAIN,MAIN,1,1,2,PLAY,hand:2,,HAND,NEUTRAL,Team Rocket's Petrel,-1,<NONE>,0.0,0.0,0.0,0.0,0.0,0.0
1,60,0,MAIN,MAIN,1,1,3,PLAY,hand:3,,HAND,NEUTRAL,Spikemuth Gym,-1,<NONE>,0.0,0.0,0.0,0.0,0.0,0.0
1,60,0,MAIN,MAIN,1,1,4,PLAY,hand:4,,HAND,NEUTRAL,Boss’s Orders,-1,<NONE>,0.0,0.0,0.0,0.0,0.0,0.0
1,60,0,MAIN,MAIN,1,1,5,ABILITY,board:1,,BENCH,NEUTRAL,Munkidori,-1,<NONE>,0.0,0.0,0.0,0.0,0.0,0.0
1,60,0,MAIN,MAIN,1,1,6,END,,,,NEUTRAL,<NONE>,-1,<NONE>,0.0,0.0,0.0,0.0,0.0,0.0
1,61,0,REMOVE_DAMAGE_COUNTER,CARD,1,1,0,CARD,board:0,,ACTIVE,ME,Marnie's Grimmsnarl ex,-1,<NONE>,0.0,0.0,0.0,0.0,0.0,0.0
1,62,0,REMOVE_DAMAGE_COUNTER_COUNT,COUNT,1,1,0,NUMBER,,,,NEUTRAL,<NONE>,-1,<NONE>,1.0,0.0,0.0,0.0,0.0,0.0
1,62,0,REMOVE_DAMAGE_COUNTER_COUNT,COUNT,1,1,1,NUMBER,,,,NEUTRAL,<NONE>,-1,<NONE>,2.0,0.0,0.0,0.0,0.0,0.0
1,62,0,REMOVE_DAMAGE_COUNTER_COUNT,COUNT,1,1,2,NUMBER,,,,NEUTRAL,<NONE>,-1,<NONE>,3.0,0.0,0.0,0.0,0.0,0.0
1,63,0,DAMAGE_COUNTER,CARD,1,1,0,CARD,board:9,,ACTIVE,OPP,Budew,-1,<NONE>,0.0,0.0,0.0,0.0,0.0,0.0
1,63,0,DAMAGE_COUNTER,CARD,1,1,1,CARD,board:10,,BENCH,OPP,Drakloak,-1,<NONE>,0.0,0.0,0.0,0.0,0.0,0.0
1,63,0,DAMAGE_COUNTER,CARD,1,1,2,CARD,board:11,,BENCH,OPP,Budew,-1,<NONE>,0.0,0.0,0.0,0.0,0.0,0.0
1,63,0,DAMAGE_COUNTER,CARD,1,1,3,CARD,board:12,,BENCH,OPP,Drakloak,-1,<NONE>,0.0,0.0,0.0,0.0,0.0,0.0
1,64,0,MAIN,MAIN,1,1,0,PLAY,hand:0,,HAND,NEUTRAL,Poké Pad,-1,<NONE>,0.0,0.0,0.0,0.0,0.0,0.0
1,64,0,MAIN,MAIN,1,1,1,PLAY,hand:1,,HAND,NEUTRAL,Buddy-Buddy Poffin,-1,<NONE>,0.0,0.0,0.0,0.0,0.0,0.0
1,64,0,MAIN,MAIN,1,1,2,PLAY,hand:2,,HAND,NEUTRAL,Team Rocket's Petrel,-1,<NONE>,0.0,0.0,0.0,0.0,0.0,0.0
1,64,0,MAIN,MAIN,1,1,3,PLAY,hand:3,,HAND,NEUTRAL,Spikemuth Gym,-1,<NONE>,0.0,0.0,0.0,0.0,0.0,0.0
1,64,0,MAIN,MAIN,1,1,4,PLAY,hand:4,,HAND,NEUTRAL,Boss’s Orders,-1,<NONE>,0.0,0.0,0.0,0.0,0.0,0.0
1,64,0,MAIN,MAIN,1,1,5,END,,,,NEUTRAL,<NONE>,-1,<NONE>,0.0,0.0,0.0,0.0,0.0,0.0
1,65,0,SWITCH,CARD,1,1,0,CARD,board:10,,BENCH,OPP,Drakloak,-1,<NONE>,0.0,0.0,0.0,0.0,0.0,0.0
1,65,0,SWITCH,CARD,1,1,1,CARD,board:11,,BENCH,OPP,Budew,-1,<NONE>,0.0,0.0,0.0,0.0,0.0,0.0
1,65,0,SWITCH,CARD,1,1,2,CARD,board:12,,BENCH,OPP,Drakloak,-1,<NONE>,0.0,0.0,0.0,0.0,0.0,0.0
1,66,0,MAIN,MAIN,1,1,0,PLAY,hand:0,,HAND,NEUTRAL,Poké Pad,-1,<NONE>,0.0,0.0,0.0,0.0,0.0,0.0
1,66,0,MAIN,MAIN,1,1,1,PLAY,hand:1,,HAND,NEUTRAL,Buddy-Buddy Poffin,-1,<NONE>,0.0,0.0,0.0,0.0,0.0,0.0
1,66,0,MAIN,MAIN,1,1,2,PLAY,hand:3,,HAND,NEUTRAL,Spikemuth Gym,-1,<NONE>,0.0,0.0,0.0,0.0,0.0,0.0
1,66,0,MAIN,MAIN,1,1,3,END,,,,NEUTRAL,<NONE>,-1,<NONE>,0.0,0.0,0.0,0.0,0.0,0.0
1,67,0,TO_HAND,CARD,0,1,0,CARD,,,DECK,ME,Shaymin,-1,<NONE>,0.0,0.0,0.0,0.0,0.0,0.0
1,67,0,TO_HAND,CARD,0,1,1,CARD,,,DECK,ME,Budew,-1,<NONE>,0.0,0.0,0.0,0.0,0.0,0.0
1,67,0,TO_HAND,CARD,0,1,2,CARD,,,DECK,ME,Marnie's Impidimp,-1,<NONE>,0.0,0.0,0.0,0.0,0.0,0.0
1,67,0,TO_HAND,CARD,0,1,3,CARD,,,DECK,ME,Froslass,-1,<NONE>,0.0,0.0,0.0,0.0,0.0,0.0
1,67,0,TO_HAND,CARD,0,1,4,CARD,,,DECK,ME,Froslass,-1,<NONE>,0.0,0.0,0.0,0.0,0.0,0.0
1,67,0,TO_HAND,CARD,0,1,5,CARD,,,DECK,ME,Snorunt,-1,<NONE>,0.0,0.0,0.0,0.0,0.0,0.0
1,67,0,TO_HAND,CARD,0,1,6,CARD,,,DECK,ME,Marnie's Morgrem,-1,<NONE>,0.0,0.0,0.0,0.0,0.0,0.0
1,67,0,TO_HAND,CARD,0,1,7,CARD,,,DECK,ME,Froslass,-1,<NONE>,0.0,0.0,0.0,0.0,0.0,0.0
1,67,0,TO_HAND,CARD,0,1,8,CARD,,,DECK,ME,Marnie's Morgrem,-1,<NONE>,0.0,0.0,0.0,0.0,0.0,0.0
1,67,0,TO_HAND,CARD,0,1,9,CARD,,,DECK,ME,Yveltal,-1,<NONE>,0.0,0.0,0.0,0.0,0.0,0.0
1,68,0,MAIN,MAIN,1,1,0,PLAY,hand:0,,HAND,NEUTRAL,Buddy-Buddy Poffin,-1,<NONE>,0.0,0.0,0.0,0.0,0.0,0.0
1,68,0,MAIN,MAIN,1,1,1,PLAY,hand:2,,HAND,NEUTRAL,Spikemuth Gym,-1,<NONE>,0.0,0.0,0.0,0.0,0.0,0.0
1,68,0,MAIN,MAIN,1,1,2,EVOLVE,hand:3,board:2,HAND,NEUTRAL,Froslass,-1,<NONE>,0.0,0.0,0.0,0.0,0.0,0.0
1,68,0,MAIN,MAIN,1,1,3,END,,,,NEUTRAL,<NONE>,-1,<NONE>,0.0,0.0,0.0,0.0,0.0,0.0
1,69,0,TO_BENCH,CARD,0,1,0,CARD,,,DECK,ME,Budew,-1,<NONE>,0.0,0.0,0.0,0.0,0.0,0.0
1,69,0,TO_BENCH,CARD,0,1,1,CARD,,,DECK,ME,Marnie's Impidimp,-1,<NONE>,0.0,0.0,0.0,0.0,0.0,0.0
1,69,0,TO_BENCH,CARD,0,1,2,CARD,,,DECK,ME,Snorunt,-1,<NONE>,0.0,0.0,0.0,0.0,0.0,0.0
1,70,0,MAIN,MAIN,1,1,0,PLAY,hand:1,,HAND,NEUTRAL,Spikemuth Gym,-1,<NONE>,0.0,0.0,0.0,0.0,0.0,0.0
1,70,0,MAIN,MAIN,1,1,1,EVOLVE,hand:2,board:2,HAND,NEUTRAL,Froslass,-1,<NONE>,0.0,0.0,0.0,0.0,0.0,0.0
1,70,0,MAIN,MAIN,1,1,2,END,,,,NEUTRAL,<NONE>,-1,<NONE>,0.0,0.0,0.0,0.0,0.0,0.0
1,71,0,MAIN,MAIN,1,1,0,PLAY,hand:1,,HAND,NEUTRAL,Spikemuth Gym,-1,<NONE>,0.0,0.0,0.0,0.0,0.0,0.0
1,71,0,MAIN,MAIN,1,1,1,END,,,,NEUTRAL,<NONE>,-1,<NONE>,0.0,0.0,0.0,0.0,0.0,0.0
1,72,0,MAIN,MAIN,1,1,0,ABILITY,board:18,,STADIUM,NEUTRAL,Spikemuth Gym,-1,<NONE>,0.0,0.0,0.0,0.0,0.0,0.0
1,72,0,MAIN,MAIN,1,1,1,END,,,,NEUTRAL,<NONE>,-1,<NONE>,0.0,0.0,0.0,0.0,0.0,0.0
1,73,1,MAIN,MAIN,1,1,0,PLAY,hand:1,,HAND,NEUTRAL,Dreepy,-1,<NONE>,0.0,0.0,0.0,0.0,0.0,0.0
1,73,1,MAIN,MAIN,1,1,1,PLAY,hand:2,,HAND,NEUTRAL,Lillie's Determination,-1,<NONE>,0.0,0.0,0.0,0.0,0.0,0.0
1,73,1,MAIN,MAIN,1,1,2,PLAY,hand:4,,HAND,NEUTRAL,Munkidori,-1,<NONE>,0.0,0.0,0.0,0.0,0.0,0.0
1,73,1,MAIN,MAIN,1,1,3,PLAY,hand:5,,HAND,NEUTRAL,Poké Pad,-1,<NONE>,0.0,0.0,0.0,0.0,0.0,0.0
1,73,1,MAIN,MAIN,1,1,4,ABILITY,board:0,,ACTIVE,NEUTRAL,Drakloak,-1,<NONE>,0.0,0.0,0.0,0.0,0.0,0.0
1,73,1,MAIN,MAIN,1,1,5,ABILITY,board:3,,BENCH,NEUTRAL,Drakloak,-1,<NONE>,0.0,0.0,0.0,0.0,0.0,0.0
1,73,1,MAIN,MAIN,1,1,6,ABILITY,board:18,,STADIUM,NEUTRAL,Spikemuth Gym,-1,<NONE>,0.0,0.0,0.0,0.0,0.0,0.0
1,73,1,MAIN,MAIN,1,1,7,RETREAT,,,,NEUTRAL,<NONE>,-1,<NONE>,0.0,0.0,0.0,0.0,0.0,0.0
1,73,1,MAIN,MAIN,1,1,8,END,,,,NEUTRAL,<NONE>,-1,<NONE>,0.0,0.0,0.0,0.0,0.0,0.0
1,74,1,MAIN,MAIN,1,1,0,PLAY,hand:1,,HAND,NEUTRAL,Dreepy,-1,<NONE>,0.0,0.0,0.0,0.0,0.0,0.0
1,74,1,MAIN,MAIN,1,1,1,PLAY,hand:2,,HAND,NEUTRAL,Lillie's Determination,-1,<NONE>,0.0,0.0,0.0,0.0,0.0,0.0
1,74,1,MAIN,MAIN,1,1,2,PLAY,hand:4,,HAND,NEUTRAL,Munkidori,-1,<NONE>,0.0,0.0,0.0,0.0,0.0,0.0
1,74,1,MAIN,MAIN,1,1,3,PLAY,hand:5,,HAND,NEUTRAL,Poké Pad,-1,<NONE>,0.0,0.0,0.0,0.0,0.0,0.0
1,74,1,MAIN,MAIN,1,1,4,ABILITY,board:0,,ACTIVE,NEUTRAL,Drakloak,-1,<NONE>,0.0,0.0,0.0,0.0,0.0,0.0
1,74,1,MAIN,MAIN,1,1,5,ABILITY,board:3,,BENCH,NEUTRAL,Drakloak,-1,<NONE>,0.0,0.0,0.0,0.0,0.0,0.0
1,74,1,MAIN,MAIN,1,1,6,RETREAT,,,,NEUTRAL,<NONE>,-1,<NONE>,0.0,0.0,0.0,0.0,0.0,0.0
1,74,1,MAIN,MAIN,1,1,7,END,,,,NEUTRAL,<NONE>,-1,<NONE>,0.0,0.0,0.0,0.0,0.0,0.0
1,75,1,MAIN,MAIN,1,1,0,PLAY,hand:1,,HAND,NEUTRAL,Lillie's Determination,-1,<NONE>,0.0,0.0,0.0,0.0,0.0,0.0
1,75,1,MAIN,MAIN,1,1,1,PLAY,hand:3,,HAND,NEUTRAL,Munkidori,-1,<NONE>,0.0,0.0,0.0,0.0,0.0,0.0
1,75,1,MAIN,MAIN,1,1,2,PLAY,hand:4,,HAND,NEUTRAL,Poké Pad,-1,<NONE>,0.0,0.0,0.0,0.0,0.0,0.0
1,75,1,MAIN,MAIN,1,1,3,ABILITY,board:0,,ACTIVE,NEUTRAL,Drakloak,-1,<NONE>,0.0,0.0,0.0,0.0,0.0,0.0
1,75,1,MAIN,MAIN,1,1,4,ABILITY,board:3,,BENCH,NEUTRAL,Drakloak,-1,<NONE>,0.0,0.0,0.0,0.0,0.0,0.0
1,75,1,MAIN,MAIN,1,1,5,RETREAT,,,,NEUTRAL,<NONE>,-1,<NONE>,0.0,0.0,0.0,0.0,0.0,0.0
1,75,1,MAIN,MAIN,1,1,6,END,,,,NEUTRAL,<NONE>,-1,<NONE>,0.0,0.0,0.0,0.0,0.0,0.0
1,76,1,MAIN,MAIN,1,1,0,PLAY,hand:0,,HAND,NEUTRAL,Crushing Hammer,-1,<NONE>,0.0,0.0,0.0,0.0,0.0,0.0
1,76,1,MAIN,MAIN,1,1,1,PLAY,hand:1,,HAND,NEUTRAL,Crushing Hammer,-1,<NONE>,0.0,0.0,0.0,0.0,0.0,0.0
1,76,1,MAIN,MAIN,1,1,2,ATTACH,hand:2,board:0,HAND,NEUTRAL,Basic {P} Energy,-1,<NONE>,0.0,0.0,0.0,0.0,0.0,0.0
1,76,1,MAIN,MAIN,1,1,3,ATTACH,hand:2,board:1,HAND,NEUTRAL,Basic {P} Energy,-1,<NONE>,0.0,0.0,0.0,0.0,0.0,0.0
1,76,1,MAIN,MAIN,1,1,4,ATTACH,hand:2,board:2,HAND,NEUTRAL,Basic {P} Energy,-1,<NONE>,0.0,0.0,0.0,0.0,0.0,0.0
1,76,1,MAIN,MAIN,1,1,5,ATTACH,hand:2,board:3,HAND,NEUTRAL,Basic {P} Energy,-1,<NONE>,0.0,0.0,0.0,0.0,0.0,0.0
1,76,1,MAIN,MAIN,1,1,6,ATTACH,hand:2,board:4,HAND,NEUTRAL,Basic {P} Energy,-1,<NONE>,0.0,0.0,0.0,0.0,0.0,0.0
1,76,1,MAIN,MAIN,1,1,7,PLAY,hand:3,,HAND,NEUTRAL,Poké Pad,-1,<NONE>,0.0,0.0,0.0,0.0,0.0,0.0
1,76,1,MAIN,MAIN,1,1,8,PLAY,hand:4,,HAND,NEUTRAL,Ultra Ball,-1,<NONE>,0.0,0.0,0.0,0.0,0.0,0.0
1,76,1,MAIN,MAIN,1,1,9,EVOLVE,hand:5,board:0,HAND,NEUTRAL,Dragapult ex,-1,<NONE>,0.0,0.0,0.0,0.0,0.0,0.0
1,76,1,MAIN,MAIN,1,1,10,EVOLVE,hand:5,board:3,HAND,NEUTRAL,Dragapult ex,-1,<NONE>,0.0,0.0,0.0,0.0,0.0,0.0
1,76,1,MAIN,MAIN,1,1,11,PLAY,hand:7,,HAND,NEUTRAL,Jamming Tower,-1,<NONE>,0.0,0.0,0.0,0.0,0.0,0.0
1,76,1,MAIN,MAIN,1,1,12,ABILITY,board:0,,ACTIVE,NEUTRAL,Drakloak,-1,<NONE>,0.0,0.0,0.0,0.0,0.0,0.0
1,76,1,MAIN,MAIN,1,1,13,ABILITY,board:3,,BENCH,NEUTRAL,Drakloak,-1,<NONE>,0.0,0.0,0.0,0.0,0.0,0.0
1,76,1,MAIN,MAIN,1,1,14,RETREAT,,,,NEUTRAL,<NONE>,-1,<NONE>,0.0,0.0,0.0,0.0,0.0,0.0
1,76,1,MAIN,MAIN,1,1,15,END,,,,NEUTRAL,<NONE>,-1,<NONE>,0.0,0.0,0.0,0.0,0.0,0.0
1,77,1,TO_HAND,CARD,1,1,0,CARD,,,LOOKING,ME,Poké Pad,-1,<NONE>,0.0,0.0,0.0,0.0,0.0,0.0
1,77,1,TO_HAND,CARD,1,1,1,CARD,,,LOOKING,ME,Unfair Stamp,-1,<NONE>,0.0,0.0,0.0,0.0,0.0,0.0
1,78,1,MAIN,MAIN,1,1,0,PLAY,hand:0,,HAND,NEUTRAL,Crushing Hammer,-1,<NONE>,0.0,0.0,0.0,0.0,0.0,0.0
1,78,1,MAIN,MAIN,1,1,1,PLAY,hand:1,,HAND,NEUTRAL,Crushing Hammer,-1,<NONE>,0.0,0.0,0.0,0.0,0.0,0.0
1,78,1,MAIN,MAIN,1,1,2,ATTACH,hand:2,board:0,HAND,NEUTRAL,Basic {P} Energy,-1,<NONE>,0.0,0.0,0.0,0.0,0.0,0.0
1,78,1,MAIN,MAIN,1,1,3,ATTACH,hand:2,board:1,HAND,NEUTRAL,Basic {P} Energy,-1,<NONE>,0.0,0.0,0.0,0.0,0.0,0.0
1,78,1,MAIN,MAIN,1,1,4,ATTACH,hand:2,board:2,HAND,NEUTRAL,Basic {P} Energy,-1,<NONE>,0.0,0.0,0.0,0.0,0.0,0.0
1,78,1,MAIN,MAIN,1,1,5,ATTACH,hand:2,board:3,HAND,NEUTRAL,Basic {P} Energy,-1,<NONE>,0.0,0.0,0.0,0.0,0.0,0.0
1,78,1,MAIN,MAIN,1,1,6,ATTACH,hand:2,board:4,HAND,NEUTRAL,Basic {P} Energy,-1,<NONE>,0.0,0.0,0.0,0.0,0.0,0.0
1,78,1,MAIN,MAIN,1,1,7,PLAY,hand:3,,HAND,NEUTRAL,Poké Pad,-1,<NONE>,0.0,0.0,0.0,0.0,0.0,0.0
1,78,1,MAIN,MAIN,1,1,8,PLAY,hand:4,,HAND,NEUTRAL,Ultra Ball,-1,<NONE>,0.0,0.0,0.0,0.0,0.0,0.0
1,78,1,MAIN,MAIN,1,1,9,EVOLVE,hand:5,board:0,HAND,NEUTRAL,Dragapult ex,-1,<NONE>,0.0,0.0,0.0,0.0,0.0,0.0
1,78,1,MAIN,MAIN,1,1,10,EVOLVE,hand:5,board:3,HAND,NEUTRAL,Dragapult ex,-1,<NONE>,0.0,0.0,0.0,0.0,0.0,0.0
1,78,1,MAIN,MAIN,1,1,11,PLAY,hand:7,,HAND,NEUTRAL,Jamming Tower,-1,<NONE>,0.0,0.0,0.0,0.0,0.0,0.0
1,78,1,MAIN,MAIN,1,1,12,ABILITY,board:3,,BENCH,NEUTRAL,Drakloak,-1,<NONE>,0.0,0.0,0.0,0.0,0.0,0.0
1,78,1,MAIN,MAIN,1,1,13,RETREAT,,,,NEUTRAL,<NONE>,-1,<NONE>,0.0,0.0,0.0,0.0,0.0,0.0
1,78,1,MAIN,MAIN,1,1,14,END,,,,NEUTRAL,<NONE>,-1,<NONE>,0.0,0.0,0.0,0.0,0.0,0.0
1,79,0,MAIN,MAIN,1,1,0,PLAY,hand:0,,HAND,NEUTRAL,Team Rocket's Petrel,-1,<NONE>,0.0,0.0,0.0,0.0,0.0,0.0
1,79,0,MAIN,MAIN,1,1,1,ABILITY,board:1,,BENCH,NEUTRAL,Munkidori,-1,<NONE>,0.0,0.0,0.0,0.0,0.0,0.0
1,79,0,MAIN,MAIN,1,1,2,ABILITY,board:18,,STADIUM,NEUTRAL,Spikemuth Gym,-1,<NONE>,0.0,0.0,0.0,0.0,0.0,0.0
1,79,0,MAIN,MAIN,1,1,3,END,,,,NEUTRAL,<NONE>,-1,<NONE>,0.0,0.0,0.0,0.0,0.0,0.0
1,80,0,REMOVE_DAMAGE_COUNTER,CARD,1,1,0,CARD,board:0,,ACTIVE,ME,Marnie's Grimmsnarl ex,-1,<NONE>,0.0,0.0,0.0,0.0,0.0,0.0
1,80,0,REMOVE_DAMAGE_COUNTER,CARD,1,1,1,CARD,board:1,,BENCH,ME,Munkidori,-1,<NONE>,0.0,0.0,0.0,0.0,0.0,0.0
1,80,0,REMOVE_DAMAGE_COUNTER,CARD,1,1,2,CARD,board:4,,BENCH,ME,Munkidori,-1,<NONE>,0.0,0.0,0.0,0.0,0.0,0.0
1,81,0,REMOVE_DAMAGE_COUNTER_COUNT,COUNT,1,1,0,NUMBER,,,,NEUTRAL,<NONE>,-1,<NONE>,1.0,0.0,0.0,0.0,0.0,0.0
1,81,0,REMOVE_DAMAGE_COUNTER_COUNT,COUNT,1,1,1,NUMBER,,,,NEUTRAL,<NONE>,-1,<NONE>,2.0,0.0,0.0,0.0,0.0,0.0
1,81,0,REMOVE_DAMAGE_COUNTER_COUNT,COUNT,1,1,2,NUMBER,,,,NEUTRAL,<NONE>,-1,<NONE>,3.0,0.0,0.0,0.0,0.0,0.0
1,82,0,DAMAGE_COUNTER,CARD,1,1,0,CARD,board:9,,ACTIVE,OPP,Drakloak,-1,<NONE>,0.0,0.0,0.0,0.0,0.0,0.0
1,82,0,DAMAGE_COUNTER,CARD,1,1,1,CARD,board:10,,BENCH,OPP,Budew,-1,<NONE>,0.0,0.0,0.0,0.0,0.0,0.0
1,82,0,DAMAGE_COUNTER,CARD,1,1,2,CARD,board:11,,BENCH,OPP,Budew,-1,<NONE>,0.0,0.0,0.0,0.0,0.0,0.0
1,82,0,DAMAGE_COUNTER,CARD,1,1,3,CARD,board:12,,BENCH,OPP,Drakloak,-1,<NONE>,0.0,0.0,0.0,0.0,0.0,0.0
1,82,0,DAMAGE_COUNTER,CARD,1,1,4,CARD,board:13,,BENCH,OPP,Dreepy,-1,<NONE>,0.0,0.0,0.0,0.0,0.0,0.0
1,83,0,MAIN,MAIN,1,1,0,PLAY,hand:0,,HAND,NEUTRAL,Team Rocket's Petrel,-1,<NONE>,0.0,0.0,0.0,0.0,0.0,0.0
1,83,0,MAIN,MAIN,1,1,1,ABILITY,board:18,,STADIUM,NEUTRAL,Spikemuth Gym,-1,<NONE>,0.0,0.0,0.0,0.0,0.0,0.0
1,83,0,MAIN,MAIN,1,1,2,END,,,,NEUTRAL,<NONE>,-1,<NONE>,0.0,0.0,0.0,0.0,0.0,0.0
1,84,0,TO_HAND,CARD,0,1,0,CARD,,,DECK,ME,Poké Pad,-1,<NONE>,0.0,0.0,0.0,0.0,0.0,0.0
1,84,0,TO_HAND,CARD,0,1,1,CARD,,,DECK,ME,Air Balloon,-1,<NONE>,0.0,0.0,0.0,0.0,0.0,0.0
1,84,0,TO_HAND,CARD,0,1,2,CARD,,,DECK,ME,Boss’s Orders,-1,<NONE>,0.0,0.0,0.0,0.0,0.0,0.0
1,84,0,TO_HAND,CARD,0,1,3,CARD,,,DECK,ME,Rare Candy,-1,<NONE>,0.0,0.0,0.0,0.0,0.0,0.0
1,84,0,TO_HAND,CARD,0,1,4,CARD,,,DECK,ME,Buddy-Buddy Poffin,-1,<NONE>,0.0,0.0,0.0,0.0,0.0,0.0
1,84,0,TO_HAND,CARD,0,1,5,CARD,,,DECK,ME,Spikemuth Gym,-1,<NONE>,0.0,0.0,0.0,0.0,0.0,0.0
1,84,0,TO_HAND,CARD,0,1,6,CARD,,,DECK,ME,Night Stretcher,-1,<NONE>,0.0,0.0,0.0,0.0,0.0,0.0
1,84,0,TO_HAND,CARD,0,1,7,CARD,,,DECK,ME,Team Rocket's Petrel,-1,<NONE>,0.0,0.0,0.0,0.0,0.0,0.0
1,84,0,TO_HAND,CARD,0,1,8,CARD,,,DECK,ME,Precious Trolley,-1,<NONE>,0.0,0.0,0.0,0.0,0.0,0.0
1,84,0,TO_HAND,CARD,0,1,9,CARD,,,DECK,ME,Spikemuth Gym,-1,<NONE>,0.0,0.0,0.0,0.0,0.0,0.0
1,84,0,TO_HAND,CARD,0,1,10,CARD,,,DECK,ME,Night Stretcher,-1,<NONE>,0.0,0.0,0.0,0.0,0.0,0.0
1,84,0,TO_HAND,CARD,0,1,11,CARD,,,DECK,ME,Team Rocket's Petrel,-1,<NONE>,0.0,0.0,0.0,0.0,0.0,0.0
1,84,0,TO_HAND,CARD,0,1,12,CARD,,,DECK,ME,Spikemuth Gym,-1,<NONE>,0.0,0.0,0.0,0.0,0.0,0.0
1,84,0,TO_HAND,CARD,0,1,13,CARD,,,DECK,ME,Gwynn,-1,<NONE>,0.0,0.0,0.0,0.0,0.0,0.0
1,84,0,TO_HAND,CARD,0,1,14,CARD,,,DECK,ME,Lillie's Determination,-1,<NONE>,0.0,0.0,0.0,0.0,0.0,0.0
1,84,0,TO_HAND,CARD,0,1,15,CARD,,,DECK,ME,Lillie's Determination,-1,<NONE>,0.0,0.0,0.0,0.0,0.0,0.0
1,84,0,TO_HAND,CARD,0,1,16,CARD,,,DECK,ME,Lillie's Determination,-1,<NONE>,0.0,0.0,0.0,0.0,0.0,0.0
1,84,0,TO_HAND,CARD,0,1,17,CARD,,,DECK,ME,Tool Scrapper,-1,<NONE>,0.0,0.0,0.0,0.0,0.0,0.0
1,85,0,MAIN,MAIN,1,1,0,ABILITY,board:18,,STADIUM,NEUTRAL,Spikemuth Gym,-1,<NONE>,0.0,0.0,0.0,0.0,0.0,0.0
1,85,0,MAIN,MAIN,1,1,1,END,,,,NEUTRAL,<NONE>,-1,<NONE>,0.0,0.0,0.0,0.0,0.0,0.0
1,86,1,MAIN,MAIN,1,1,0,PLAY,hand:0,,HAND,NEUTRAL,Crushing Hammer,-1,<NONE>,0.0,0.0,0.0,0.0,0.0,0.0
1,86,1,MAIN,MAIN,1,1,1,PLAY,hand:1,,HAND,NEUTRAL,Crushing Hammer,-1,<NONE>,0.0,0.0,0.0,0.0,0.0,0.0
1,86,1,MAIN,MAIN,1,1,2,ATTACH,hand:2,board:0,HAND,NEUTRAL,Basic {P} Energy,-1,<NONE>,0.0,0.0,0.0,0.0,0.0,0.0
1,86,1,MAIN,MAIN,1,1,3,ATTACH,hand:2,board:1,HAND,NEUTRAL,Basic {P} Energy,-1,<NONE>,0.0,0.0,0.0,0.0,0.0,0.0
1,86,1,MAIN,MAIN,1,1,4,ATTACH,hand:2,board:2,HAND,NEUTRAL,Basic {P} Energy,-1,<NONE>,0.0,0.0,0.0,0.0,0.0,0.0
1,86,1,MAIN,MAIN,1,1,5,ATTACH,hand:2,board:3,HAND,NEUTRAL,Basic {P} Energy,-1,<NONE>,0.0,0.0,0.0,0.0,0.0,0.0
1,86,1,MAIN,MAIN,1,1,6,ATTACH,hand:2,board:4,HAND,NEUTRAL,Basic {P} Energy,-1,<NONE>,0.0,0.0,0.0,0.0,0.0,0.0
1,86,1,MAIN,MAIN,1,1,7,PLAY,hand:3,,HAND,NEUTRAL,Poké Pad,-1,<NONE>,0.0,0.0,0.0,0.0,0.0,0.0
1,86,1,MAIN,MAIN,1,1,8,PLAY,hand:4,,HAND,NEUTRAL,Ultra Ball,-1,<NONE>,0.0,0.0,0.0,0.0,0.0,0.0
1,86,1,MAIN,MAIN,1,1,9,EVOLVE,hand:5,board:0,HAND,NEUTRAL,Dragapult ex,-1,<NONE>,0.0,0.0,0.0,0.0,0.0,0.0
1,86,1,MAIN,MAIN,1,1,10,EVOLVE,hand:5,board:3,HAND,NEUTRAL,Dragapult ex,-1,<NONE>,0.0,0.0,0.0,0.0,0.0,0.0
1,86,1,MAIN,MAIN,1,1,11,PLAY,hand:6,,HAND,NEUTRAL,Boss’s Orders,-1,<NONE>,0.0,0.0,0.0,0.0,0.0,0.0
1,86,1,MAIN,MAIN,1,1,12,PLAY,hand:7,,HAND,NEUTRAL,Jamming Tower,-1,<NONE>,0.0,0.0,0.0,0.0,0.0,0.0
1,86,1,MAIN,MAIN,1,1,13,PLAY,hand:9,,HAND,NEUTRAL,Meowth ex,-1,<NONE>,0.0,0.0,0.0,0.0,0.0,0.0
1,86,1,MAIN,MAIN,1,1,14,ABILITY,board:0,,ACTIVE,NEUTRAL,Drakloak,-1,<NONE>,0.0,0.0,0.0,0.0,0.0,0.0
1,86,1,MAIN,MAIN,1,1,15,ABILITY,board:3,,BENCH,NEUTRAL,Drakloak,-1,<NONE>,0.0,0.0,0.0,0.0,0.0,0.0
1,86,1,MAIN,MAIN,1,1,16,ABILITY,board:18,,STADIUM,NEUTRAL,Spikemuth Gym,-1,<NONE>,0.0,0.0,0.0,0.0,0.0,0.0
1,86,1,MAIN,MAIN,1,1,17,RETREAT,,,,NEUTRAL,<NONE>,-1,<NONE>,0.0,0.0,0.0,0.0,0.0,0.0
1,86,1,MAIN,MAIN,1,1,18,END,,,,NEUTRAL,<NONE>,-1,<NONE>,0.0,0.0,0.0,0.0,0.0,0.0
1,87,0,MAIN,MAIN,1,1,0,PLAY,hand:2,,HAND,NEUTRAL,Lillie's Determination,-1,<NONE>,0.0,0.0,0.0,0.0,0.0,0.0
1,87,0,MAIN,MAIN,1,1,1,ABILITY,board:1,,BENCH,NEUTRAL,Munkidori,-1,<NONE>,0.0,0.0,0.0,0.0,0.0,0.0
1,87,0,MAIN,MAIN,1,1,2,ABILITY,board:18,,STADIUM,NEUTRAL,Spikemuth Gym,-1,<NONE>,0.0,0.0,0.0,0.0,0.0,0.0
1,87,0,MAIN,MAIN,1,1,3,END,,,,NEUTRAL,<NONE>,-1,<NONE>,0.0,0.0,0.0,0.0,0.0,0.0
1,88,0,TO_HAND,CARD,0,1,0,CARD,,,DECK,ME,Marnie's Morgrem,-1,<NONE>,0.0,0.0,0.0,0.0,0.0,0.0
1,88,0,TO_HAND,CARD,0,1,1,CARD,,,DECK,ME,Marnie's Grimmsnarl ex,-1,<NONE>,0.0,0.0,0.0,0.0,0.0,0.0
1,88,0,TO_HAND,CARD,0,1,2,CARD,,,DECK,ME,Marnie's Morgrem,-1,<NONE>,0.0,0.0,0.0,0.0,0.0,0.0
1,88,0,TO_HAND,CARD,0,1,3,CARD,,,DECK,ME,Marnie's Impidimp,-1,<NONE>,0.0,0.0,0.0,0.0,0.0,0.0
1,88,0,TO_HAND,CARD,0,1,4,CARD,,,DECK,ME,Marnie's Grimmsnarl ex,-1,<NONE>,0.0,0.0,0.0,0.0,0.0,0.0
1,89,0,MAIN,MAIN,1,1,0,PLAY,hand:2,,HAND,NEUTRAL,Lillie's Determination,-1,<NONE>,0.0,0.0,0.0,0.0,0.0,0.0
1,89,0,MAIN,MAIN,1,1,1,EVOLVE,hand:3,board:3,HAND,NEUTRAL,Marnie's Morgrem,-1,<NONE>,0.0,0.0,0.0,0.0,0.0,0.0
1,89,0,MAIN,MAIN,1,1,2,ABILITY,board:1,,BENCH,NEUTRAL,Munkidori,-1,<NONE>,0.0,0.0,0.0,0.0,0.0,0.0
1,89,0,MAIN,MAIN,1,1,3,END,,,,NEUTRAL,<NONE>,-1,<NONE>,0.0,0.0,0.0,0.0,0.0,0.0
1,90,0,MAIN,MAIN,1,1,0,EVOLVE,hand:2,board:5,HAND,NEUTRAL,Froslass,-1,<NONE>,0.0,0.0,0.0,0.0,0.0,0.0
1,90,0,MAIN,MAIN,1,1,1,PLAY,hand:3,,HAND,NEUTRAL,Rare Candy,-1,<NONE>,0.0,0.0,0.0,0.0,0.0,0.0
1,90,0,MAIN,MAIN,1,1,2,ABILITY,board:1,,BENCH,NEUTRAL,Munkidori,-1,<NONE>,0.0,0.0,0.0,0.0,0.0,0.0
1,90,0,MAIN,MAIN,1,1,3,END,,,,NEUTRAL,<NONE>,-1,<NONE>,0.0,0.0,0.0,0.0,0.0,0.0
1,91,0,MAIN,MAIN,1,1,0,PLAY,hand:2,,HAND,NEUTRAL,Rare Candy,-1,<NONE>,0.0,0.0,0.0,0.0,0.0,0.0
1,91,0,MAIN,MAIN,1,1,1,ABILITY,board:1,,BENCH,NEUTRAL,Munkidori,-1,<NONE>,0.0,0.0,0.0,0.0,0.0,0.0
1,91,0,MAIN,MAIN,1,1,2,END,,,,NEUTRAL,<NONE>,-1,<NONE>,0.0,0.0,0.0,0.0,0.0,0.0
1,92,1,SKILL_ORDER,SKILL,2,2,0,SKILL,,,,NEUTRAL,Froslass,-1,<NONE>,0.0,0.0,0.0,0.0,0.0,0.0
1,92,1,SKILL_ORDER,SKILL,2,2,1,SKILL,,,,NEUTRAL,Froslass,-1,<NONE>,0.0,0.0,0.0,0.0,0.0,0.0
1,93,1,MAIN,MAIN,1,1,0,PLAY,hand:0,,HAND,NEUTRAL,Crushing Hammer,-1,<NONE>,0.0,0.0,0.0,0.0,0.0,0.0
1,93,1,MAIN,MAIN,1,1,1,PLAY,hand:1,,HAND,NEUTRAL,Crushing Hammer,-1,<NONE>,0.0,0.0,0.0,0.0,0.0,0.0
1,93,1,MAIN,MAIN,1,1,2,ATTACH,hand:2,board:0,HAND,NEUTRAL,Basic {P} Energy,-1,<NONE>,0.0,0.0,0.0,0.0,0.0,0.0
1,93,1,MAIN,MAIN,1,1,3,ATTACH,hand:2,board:1,HAND,NEUTRAL,Basic {P} Energy,-1,<NONE>,0.0,0.0,0.0,0.0,0.0,0.0
1,93,1,MAIN,MAIN,1,1,4,ATTACH,hand:2,board:2,HAND,NEUTRAL,Basic {P} Energy,-1,<NONE>,0.0,0.0,0.0,0.0,0.0,0.0
1,93,1,MAIN,MAIN,1,1,5,ATTACH,hand:2,board:3,HAND,NEUTRAL,Basic {P} Energy,-1,<NONE>,0.0,0.0,0.0,0.0,0.0,0.0
1,93,1,MAIN,MAIN,1,1,6,ATTACH,hand:2,board:4,HAND,NEUTRAL,Basic {P} Energy,-1,<NONE>,0.0,0.0,0.0,0.0,0.0,0.0
1,93,1,MAIN,MAIN,1,1,7,PLAY,hand:3,,HAND,NEUTRAL,Poké Pad,-1,<NONE>,0.0,0.0,0.0,0.0,0.0,0.0
1,93,1,MAIN,MAIN,1,1,8,PLAY,hand:4,,HAND,NEUTRAL,Ultra Ball,-1,<NONE>,0.0,0.0,0.0,0.0,0.0,0.0
1,93,1,MAIN,MAIN,1,1,9,EVOLVE,hand:5,board:0,HAND,NEUTRAL,Dragapult ex,-1,<NONE>,0.0,0.0,0.0,0.0,0.0,0.0
1,93,1,MAIN,MAIN,1,1,10,EVOLVE,hand:5,board:3,HAND,NEUTRAL,Dragapult ex,-1,<NONE>,0.0,0.0,0.0,0.0,0.0,0.0
1,93,1,MAIN,MAIN,1,1,11,PLAY,hand:6,,HAND,NEUTRAL,Boss’s Orders,-1,<NONE>,0.0,0.0,0.0,0.0,0.0,0.0
1,93,1,MAIN,MAIN,1,1,12,PLAY,hand:7,,HAND,NEUTRAL,Jamming Tower,-1,<NONE>,0.0,0.0,0.0,0.0,0.0,0.0
1,93,1,MAIN,MAIN,1,1,13,PLAY,hand:9,,HAND,NEUTRAL,Meowth ex,-1,<NONE>,0.0,0.0,0.0,0.0,0.0,0.0
1,93,1,MAIN,MAIN,1,1,14,PLAY,hand:10,,HAND,NEUTRAL,Chi-Yu,-1,<NONE>,0.0,0.0,0.0,0.0,0.0,0.0
1,93,1,MAIN,MAIN,1,1,15,ABILITY,board:0,,ACTIVE,NEUTRAL,Drakloak,-1,<NONE>,0.0,0.0,0.0,0.0,0.0,0.0
1,93,1,MAIN,MAIN,1,1,16,ABILITY,board:3,,BENCH,NEUTRAL,Drakloak,-1,<NONE>,0.0,0.0,0.0,0.0,0.0,0.0
1,93,1,MAIN,MAIN,1,1,17,ABILITY,board:18,,STADIUM,NEUTRAL,Spikemuth Gym,-1,<NONE>,0.0,0.0,0.0,0.0,0.0,0.0
1,93,1,MAIN,MAIN,1,1,18,RETREAT,,,,NEUTRAL,<NONE>,-1,<NONE>,0.0,0.0,0.0,0.0,0.0,0.0
1,93,1,MAIN,MAIN,1,1,19,END,,,,NEUTRAL,<NONE>,-1,<NONE>,0.0,0.0,0.0,0.0,0.0,0.0
1,94,1,TO_HAND,CARD,1,1,0,CARD,,,LOOKING,ME,Buddy-Buddy Poffin,-1,<NONE>,0.0,0.0,0.0,0.0,0.0,0.0
1,94,1,TO_HAND,CARD,1,1,1,CARD,,,LOOKING,ME,Lillie's Determination,-1,<NONE>,0.0,0.0,0.0,0.0,0.0,0.0
1,95,1,MAIN,MAIN,1,1,0,PLAY,hand:0,,HAND,NEUTRAL,Crushing Hammer,-1,<NONE>,0.0,0.0,0.0,0.0,0.0,0.0
1,95,1,MAIN,MAIN,1,1,1,PLAY,hand:1,,HAND,NEUTRAL,Crushing Hammer,-1,<NONE>,0.0,0.0,0.0,0.0,0.0,0.0
1,95,1,MAIN,MAIN,1,1,2,ATTACH,hand:2,board:0,HAND,NEUTRAL,Basic {P} Energy,-1,<NONE>,0.0,0.0,0.0,0.0,0.0,0.0
1,95,1,MAIN,MAIN,1,1,3,ATTACH,hand:2,board:1,HAND,NEUTRAL,Basic {P} Energy,-1,<NONE>,0.0,0.0,0.0,0.0,0.0,0.0
1,95,1,MAIN,MAIN,1,1,4,ATTACH,hand:2,board:2,HAND,NEUTRAL,Basic {P} Energy,-1,<NONE>,0.0,0.0,0.0,0.0,0.0,0.0
1,95,1,MAIN,MAIN,1,1,5,ATTACH,hand:2,board:3,HAND,NEUTRAL,Basic {P} Energy,-1,<NONE>,0.0,0.0,0.0,0.0,0.0,0.0
1,95,1,MAIN,MAIN,1,1,6,ATTACH,hand:2,board:4,HAND,NEUTRAL,Basic {P} Energy,-1,<NONE>,0.0,0.0,0.0,0.0,0.0,0.0
1,95,1,MAIN,MAIN,1,1,7,PLAY,hand:3,,HAND,NEUTRAL,Poké Pad,-1,<NONE>,0.0,0.0,0.0,0.0,0.0,0.0
1,95,1,MAIN,MAIN,1,1,8,PLAY,hand:4,,HAND,NEUTRAL,Ultra Ball,-1,<NONE>,0.0,0.0,0.0,0.0,0.0,0.0
1,95,1,MAIN,MAIN,1,1,9,EVOLVE,hand:5,board:0,HAND,NEUTRAL,Dragapult ex,-1,<NONE>,0.0,0.0,0.0,0.0,0.0,0.0
1,95,1,MAIN,MAIN,1,1,10,EVOLVE,hand:5,board:3,HAND,NEUTRAL,Dragapult ex,-1,<NONE>,0.0,0.0,0.0,0.0,0.0,0.0
1,95,1,MAIN,MAIN,1,1,11,PLAY,hand:6,,HAND,NEUTRAL,Boss’s Orders,-1,<NONE>,0.0,0.0,0.0,0.0,0.0,0.0
1,95,1,MAIN,MAIN,1,1,12,PLAY,hand:7,,HAND,NEUTRAL,Jamming Tower,-1,<NONE>,0.0,0.0,0.0,0.0,0.0,0.0
1,95,1,MAIN,MAIN,1,1,13,PLAY,hand:9,,HAND,NEUTRAL,Meowth ex,-1,<NONE>,0.0,0.0,0.0,0.0,0.0,0.0
1,95,1,MAIN,MAIN,1,1,14,PLAY,hand:10,,HAND,NEUTRAL,Chi-Yu,-1,<NONE>,0.0,0.0,0.0,0.0,0.0,0.0
1,95,1,MAIN,MAIN,1,1,15,PLAY,hand:11,,HAND,NEUTRAL,Lillie's Determination,-1,<NONE>,0.0,0.0,0.0,0.0,0.0,0.0
1,95,1,MAIN,MAIN,1,1,16,ABILITY,board:3,,BENCH,NEUTRAL,Drakloak,-1,<NONE>,0.0,0.0,0.0,0.0,0.0,0.0
1,95,1,MAIN,MAIN,1,1,17,ABILITY,board:18,,STADIUM,NEUTRAL,Spikemuth Gym,-1,<NONE>,0.0,0.0,0.0,0.0,0.0,0.0
1,95,1,MAIN,MAIN,1,1,18,RETREAT,,,,NEUTRAL,<NONE>,-1,<NONE>,0.0,0.0,0.0,0.0,0.0,0.0
1,95,1,MAIN,MAIN,1,1,19,END,,,,NEUTRAL,<NONE>,-1,<NONE>,0.0,0.0,0.0,0.0,0.0,0.0
1,96,1,DISCARD_ENERGY,ENERGY,1,1,0,ENERGY,board:0,,ACTIVE,ME,Basic {R} Energy,0,<NONE>,0.0,1.0,0.0,0.0,0.0,0.0
1,97,1,SWITCH,CARD,1,1,0,CARD,board:1,,BENCH,ME,Budew,-1,<NONE>,0.0,0.0,0.0,0.0,0.0,0.0
1,97,1,SWITCH,CARD,1,1,1,CARD,board:2,,BENCH,ME,Budew,-1,<NONE>,0.0,0.0,0.0,0.0,0.0,0.0
1,97,1,SWITCH,CARD,1,1,2,CARD,board:3,,BENCH,ME,Drakloak,-1,<NONE>,0.0,0.0,0.0,0.0,0.0,0.0
1,97,1,SWITCH,CARD,1,1,3,CARD,board:4,,BENCH,ME,Dreepy,-1,<NONE>,0.0,0.0,0.0,0.0,0.0,0.0
1,98,1,MAIN,MAIN,1,1,0,PLAY,hand:0,,HAND,NEUTRAL,Crushing Hammer,-1,<NONE>,0.0,0.0,0.0,0.0,0.0,0.0
1,98,1,MAIN,MAIN,1,1,1,PLAY,hand:1,,HAND,NEUTRAL,Crushing Hammer,-1,<NONE>,0.0,0.0,0.0,0.0,0.0,0.0
1,98,1,MAIN,MAIN,1,1,2,ATTACH,hand:2,board:0,HAND,NEUTRAL,Basic {P} Energy,-1,<NONE>,0.0,0.0,0.0,0.0,0.0,0.0
1,98,1,MAIN,MAIN,1,1,3,ATTACH,hand:2,board:1,HAND,NEUTRAL,Basic {P} Energy,-1,<NONE>,0.0,0.0,0.0,0.0,0.0,0.0
1,98,1,MAIN,MAIN,1,1,4,ATTACH,hand:2,board:2,HAND,NEUTRAL,Basic {P} Energy,-1,<NONE>,0.0,0.0,0.0,0.0,0.0,0.0
1,98,1,MAIN,MAIN,1,1,5,ATTACH,hand:2,board:3,HAND,NEUTRAL,Basic {P} Energy,-1,<NONE>,0.0,0.0,0.0,0.0,0.0,0.0
1,98,1,MAIN,MAIN,1,1,6,ATTACH,hand:2,board:4,HAND,NEUTRAL,Basic {P} Energy,-1,<NONE>,0.0,0.0,0.0,0.0,0.0,0.0
1,98,1,MAIN,MAIN,1,1,7,PLAY,hand:3,,HAND,NEUTRAL,Poké Pad,-1,<NONE>,0.0,0.0,0.0,0.0,0.0,0.0
1,98,1,MAIN,MAIN,1,1,8,PLAY,hand:4,,HAND,NEUTRAL,Ultra Ball,-1,<NONE>,0.0,0.0,0.0,0.0,0.0,0.0
1,98,1,MAIN,MAIN,1,1,9,EVOLVE,hand:5,board:3,HAND,NEUTRAL,Dragapult ex,-1,<NONE>,0.0,0.0,0.0,0.0,0.0,0.0
1,98,1,MAIN,MAIN,1,1,10,EVOLVE,hand:5,board:4,HAND,NEUTRAL,Dragapult ex,-1,<NONE>,0.0,0.0,0.0,0.0,0.0,0.0
1,98,1,MAIN,MAIN,1,1,11,PLAY,hand:6,,HAND,NEUTRAL,Boss’s Orders,-1,<NONE>,0.0,0.0,0.0,0.0,0.0,0.0
1,98,1,MAIN,MAIN,1,1,12,PLAY,hand:7,,HAND,NEUTRAL,Jamming Tower,-1,<NONE>,0.0,0.0,0.0,0.0,0.0,0.0
1,98,1,MAIN,MAIN,1,1,13,PLAY,hand:9,,HAND,NEUTRAL,Meowth ex,-1,<NONE>,0.0,0.0,0.0,0.0,0.0,0.0
1,98,1,MAIN,MAIN,1,1,14,PLAY,hand:10,,HAND,NEUTRAL,Chi-Yu,-1,<NONE>,0.0,0.0,0.0,0.0,0.0,0.0
1,98,1,MAIN,MAIN,1,1,15,PLAY,hand:11,,HAND,NEUTRAL,Lillie's Determination,-1,<NONE>,0.0,0.0,0.0,0.0,0.0,0.0
1,98,1,MAIN,MAIN,1,1,16,ABILITY,board:3,,BENCH,NEUTRAL,Drakloak,-1,<NONE>,0.0,0.0,0.0,0.0,0.0,0.0
1,98,1,MAIN,MAIN,1,1,17,ABILITY,board:18,,STADIUM,NEUTRAL,Spikemuth Gym,-1,<NONE>,0.0,0.0,0.0,0.0,0.0,0.0
1,98,1,MAIN,MAIN,1,1,18,END,,,,NEUTRAL,<NONE>,-1,<NONE>,0.0,0.0,0.0,0.0,0.0,0.0
1,99,1,MAIN,MAIN,1,1,0,PLAY,hand:0,,HAND,NEUTRAL,Crushing Hammer,-1,<NONE>,0.0,0.0,0.0,0.0,0.0,0.0
1,99,1,MAIN,MAIN,1,1,1,ATTACH,hand:1,board:0,HAND,NEUTRAL,Basic {P} Energy,-1,<NONE>,0.0,0.0,0.0,0.0,0.0,0.0
1,99,1,MAIN,MAIN,1,1,2,ATTACH,hand:1,board:1,HAND,NEUTRAL,Basic {P} Energy,-1,<NONE>,0.0,0.0,0.0,0.0,0.0,0.0
1,99,1,MAIN,MAIN,1,1,3,ATTACH,hand:1,board:2,HAND,NEUTRAL,Basic {P} Energy,-1,<NONE>,0.0,0.0,0.0,0.0,0.0,0.0
1,99,1,MAIN,MAIN,1,1,4,ATTACH,hand:1,board:3,HAND,NEUTRAL,Basic {P} Energy,-1,<NONE>,0.0,0.0,0.0,0.0,0.0,0.0
1,99,1,MAIN,MAIN,1,1,5,ATTACH,hand:1,board:4,HAND,NEUTRAL,Basic {P} Energy,-1,<NONE>,0.0,0.0,0.0,0.0,0.0,0.0
1,99,1,MAIN,MAIN,1,1,6,PLAY,hand:2,,HAND,NEUTRAL,Poké Pad,-1,<NONE>,0.0,0.0,0.0,0.0,0.0,0.0
1,99,1,MAIN,MAIN,1,1,7,PLAY,hand:3,,HAND,NEUTRAL,Ultra Ball,-1,<NONE>,0.0,0.0,0.0,0.0,0.0,0.0
1,99,1,MAIN,MAIN,1,1,8,EVOLVE,hand:4,board:3,HAND,NEUTRAL,Dragapult ex,-1,<NONE>,0.0,0.0,0.0,0.0,0.0,0.0
1,99,1,MAIN,MAIN,1,1,9,EVOLVE,hand:4,board:4,HAND,NEUTRAL,Dragapult ex,-1,<NONE>,0.0,0.0,0.0,0.0,0.0,0.0
1,99,1,MAIN,MAIN,1,1,10,PLAY,hand:5,,HAND,NEUTRAL,Boss’s Orders,-1,<NONE>,0.0,0.0,0.0,0.0,0.0,0.0
1,99,1,MAIN,MAIN,1,1,11,PLAY,hand:6,,HAND,NEUTRAL,Jamming Tower,-1,<NONE>,0.0,0.0,0.0,0.0,0.0,0.0
1,99,1,MAIN,MAIN,1,1,12,PLAY,hand:8,,HAND,NEUTRAL,Meowth ex,-1,<NONE>,0.0,0.0,0.0,0.0,0.0,0.0
1,99,1,MAIN,MAIN,1,1,13,PLAY,hand:9,,HAND,NEUTRAL,Chi-Yu,-1,<NONE>,0.0,0.0,0.0,0.0,0.0,0.0
1,99,1,MAIN,MAIN,1,1,14,PLAY,hand:10,,HAND,NEUTRAL,Lillie's Determination,-1,<NONE>,0.0,0.0,0.0,0.0,0.0,0.0
1,99,1,MAIN,MAIN,1,1,15,ABILITY,board:3,,BENCH,NEUTRAL,Drakloak,-1,<NONE>,0.0,0.0,0.0,0.0,0.0,0.0
1,99,1,MAIN,MAIN,1,1,16,ABILITY,board:18,,STADIUM,NEUTRAL,Spikemuth Gym,-1,<NONE>,0.0,0.0,0.0,0.0,0.0,0.0
1,99,1,MAIN,MAIN,1,1,17,END,,,,NEUTRAL,<NONE>,-1,<NONE>,0.0,0.0,0.0,0.0,0.0,0.0
1,100,1,SWITCH,CARD,1,1,0,CARD,board:10,,BENCH,OPP,Munkidori,-1,<NONE>,0.0,0.0,0.0,0.0,0.0,0.0
1,100,1,SWITCH,CARD,1,1,1,CARD,board:11,,BENCH,OPP,Froslass,-1,<NONE>,0.0,0.0,0.0,0.0,0.0,0.0
1,100,1,SWITCH,CARD,1,1,2,CARD,board:12,,BENCH,OPP,Marnie's Impidimp,-1,<NONE>,0.0,0.0,0.0,0.0,0.0,0.0
1,100,1,SWITCH,CARD,1,1,3,CARD,board:13,,BENCH,OPP,Munkidori,-1,<NONE>,0.0,0.0,0.0,0.0,0.0,0.0
1,100,1,SWITCH,CARD,1,1,4,CARD,board:14,,BENCH,OPP,Froslass,-1,<NONE>,0.0,0.0,0.0,0.0,0.0,0.0
1,101,1,MAIN,MAIN,1,1,0,PLAY,hand:0,,HAND,NEUTRAL,Crushing Hammer,-1,<NONE>,0.0,0.0,0.0,0.0,0.0,0.0
1,101,1,MAIN,MAIN,1,1,1,ATTACH,hand:1,board:0,HAND,NEUTRAL,Basic {P} Energy,-1,<NONE>,0.0,0.0,0.0,0.0,0.0,0.0
1,101,1,MAIN,MAIN,1,1,2,ATTACH,hand:1,board:1,HAND,NEUTRAL,Basic {P} Energy,-1,<NONE>,0.0,0.0,0.0,0.0,0.0,0.0
1,101,1,MAIN,MAIN,1,1,3,ATTACH,hand:1,board:2,HAND,NEUTRAL,Basic {P} Energy,-1,<NONE>,0.0,0.0,0.0,0.0,0.0,0.0
1,101,1,MAIN,MAIN,1,1,4,ATTACH,hand:1,board:3,HAND,NEUTRAL,Basic {P} Energy,-1,<NONE>,0.0,0.0,0.0,0.0,0.0,0.0
1,101,1,MAIN,MAIN,1,1,5,ATTACH,hand:1,board:4,HAND,NEUTRAL,Basic {P} Energy,-1,<NONE>,0.0,0.0,0.0,0.0,0.0,0.0
1,101,1,MAIN,MAIN,1,1,6,PLAY,hand:2,,HAND,NEUTRAL,Poké Pad,-1,<NONE>,0.0,0.0,0.0,0.0,0.0,0.0
1,101,1,MAIN,MAIN,1,1,7,PLAY,hand:3,,HAND,NEUTRAL,Ultra Ball,-1,<NONE>,0.0,0.0,0.0,0.0,0.0,0.0
1,101,1,MAIN,MAIN,1,1,8,EVOLVE,hand:4,board:3,HAND,NEUTRAL,Dragapult ex,-1,<NONE>,0.0,0.0,0.0,0.0,0.0,0.0
1,101,1,MAIN,MAIN,1,1,9,EVOLVE,hand:4,board:4,HAND,NEUTRAL,Dragapult ex,-1,<NONE>,0.0,0.0,0.0,0.0,0.0,0.0
1,101,1,MAIN,MAIN,1,1,10,PLAY,hand:5,,HAND,NEUTRAL,Jamming Tower,-1,<NONE>,0.0,0.0,0.0,0.0,0.0,0.0
1,101,1,MAIN,MAIN,1,1,11,PLAY,hand:7,,HAND,NEUTRAL,Meowth ex,-1,<NONE>,0.0,0.0,0.0,0.0,0.0,0.0
1,101,1,MAIN,MAIN,1,1,12,PLAY,hand:8,,HAND,NEUTRAL,Chi-Yu,-1,<NONE>,0.0,0.0,0.0,0.0,0.0,0.0
1,101,1,MAIN,MAIN,1,1,13,ABILITY,board:3,,BENCH,NEUTRAL,Drakloak,-1,<NONE>,0.0,0.0,0.0,0.0,0.0,0.0
1,101,1,MAIN,MAIN,1,1,14,ABILITY,board:18,,STADIUM,NEUTRAL,Spikemuth Gym,-1,<NONE>,0.0,0.0,0.0,0.0,0.0,0.0
1,101,1,MAIN,MAIN,1,1,15,END,,,,NEUTRAL,<NONE>,-1,<NONE>,0.0,0.0,0.0,0.0,0.0,0.0
1,102,1,MAIN,MAIN,1,1,0,PLAY,hand:0,,HAND,NEUTRAL,Crushing Hammer,-1,<NONE>,0.0,0.0,0.0,0.0,0.0,0.0
1,102,1,MAIN,MAIN,1,1,1,ATTACH,hand:1,board:0,HAND,NEUTRAL,Basic {P} Energy,-1,<NONE>,0.0,0.0,0.0,0.0,0.0,0.0
1,102,1,MAIN,MAIN,1,1,2,ATTACH,hand:1,board:1,HAND,NEUTRAL,Basic {P} Energy,-1,<NONE>,0.0,0.0,0.0,0.0,0.0,0.0
1,102,1,MAIN,MAIN,1,1,3,ATTACH,hand:1,board:2,HAND,NEUTRAL,Basic {P} Energy,-1,<NONE>,0.0,0.0,0.0,0.0,0.0,0.0
1,102,1,MAIN,MAIN,1,1,4,ATTACH,hand:1,board:3,HAND,NEUTRAL,Basic {P} Energy,-1,<NONE>,0.0,0.0,0.0,0.0,0.0,0.0
1,102,1,MAIN,MAIN,1,1,5,ATTACH,hand:1,board:4,HAND,NEUTRAL,Basic {P} Energy,-1,<NONE>,0.0,0.0,0.0,0.0,0.0,0.0
1,102,1,MAIN,MAIN,1,1,6,PLAY,hand:2,,HAND,NEUTRAL,Poké Pad,-1,<NONE>,0.0,0.0,0.0,0.0,0.0,0.0
1,102,1,MAIN,MAIN,1,1,7,PLAY,hand:3,,HAND,NEUTRAL,Ultra Ball,-1,<NONE>,0.0,0.0,0.0,0.0,0.0,0.0
1,102,1,MAIN,MAIN,1,1,8,EVOLVE,hand:4,board:3,HAND,NEUTRAL,Dragapult ex,-1,<NONE>,0.0,0.0,0.0,0.0,0.0,0.0
1,102,1,MAIN,MAIN,1,1,9,EVOLVE,hand:4,board:4,HAND,NEUTRAL,Dragapult ex,-1,<NONE>,0.0,0.0,0.0,0.0,0.0,0.0
1,102,1,MAIN,MAIN,1,1,10,PLAY,hand:5,,HAND,NEUTRAL,Jamming Tower,-1,<NONE>,0.0,0.0,0.0,0.0,0.0,0.0
1,102,1,MAIN,MAIN,1,1,11,PLAY,hand:7,,HAND,NEUTRAL,Meowth ex,-1,<NONE>,0.0,0.0,0.0,0.0,0.0,0.0
1,102,1,MAIN,MAIN,1,1,12,PLAY,hand:8,,HAND,NEUTRAL,Chi-Yu,-1,<NONE>,0.0,0.0,0.0,0.0,0.0,0.0
1,102,1,MAIN,MAIN,1,1,13,ABILITY,board:3,,BENCH,NEUTRAL,Drakloak,-1,<NONE>,0.0,0.0,0.0,0.0,0.0,0.0
1,102,1,MAIN,MAIN,1,1,14,END,,,,NEUTRAL,<NONE>,-1,<NONE>,0.0,0.0,0.0,0.0,0.0,0.0
1,103,1,ACTIVATE,YES_NO,1,1,0,YES,,,,NEUTRAL,<NONE>,-1,<NONE>,0.0,0.0,0.0,0.0,0.0,0.0
1,103,1,ACTIVATE,YES_NO,1,1,1,NO,,,,NEUTRAL,<NONE>,-1,<NONE>,0.0,0.0,0.0,0.0,0.0,0.0
1,104,1,TO_HAND,CARD,0,1,0,CARD,,,DECK,ME,Lillie's Determination,-1,<NONE>,0.0,0.0,0.0,0.0,0.0,0.0
1,104,1,TO_HAND,CARD,0,1,1,CARD,,,DECK,ME,Crispin,-1,<NONE>,0.0,0.0,0.0,0.0,0.0,0.0
1,104,1,TO_HAND,CARD,0,1,2,CARD,,,DECK,ME,Lillie's Determination,-1,<NONE>,0.0,0.0,0.0,0.0,0.0,0.0
1,104,1,TO_HAND,CARD,0,1,3,CARD,,,DECK,ME,Crispin,-1,<NONE>,0.0,0.0,0.0,0.0,0.0,0.0
1,104,1,TO_HAND,CARD,0,1,4,CARD,,,DECK,ME,Judge,-1,<NONE>,0.0,0.0,0.0,0.0,0.0,0.0
1,104,1,TO_HAND,CARD,0,1,5,CARD,,,DECK,ME,Boss’s Orders,-1,<NONE>,0.0,0.0,0.0,0.0,0.0,0.0
1,104,1,TO_HAND,CARD,0,1,6,CARD,,,DECK,ME,Crispin,-1,<NONE>,0.0,0.0,0.0,0.0,0.0,0.0
1,104,1,TO_HAND,CARD,0,1,7,CARD,,,DECK,ME,Boss’s Orders,-1,<NONE>,0.0,0.0,0.0,0.0,0.0,0.0
1,105,1,MAIN,MAIN,1,1,0,PLAY,hand:0,,HAND,NEUTRAL,Crushing Hammer,-1,<NONE>,0.0,0.0,0.0,0.0,0.0,0.0
1,105,1,MAIN,MAIN,1,1,1,ATTACH,hand:1,board:0,HAND,NEUTRAL,Basic {P} Energy,-1,<NONE>,0.0,0.0,0.0,0.0,0.0,0.0
1,105,1,MAIN,MAIN,1,1,2,ATTACH,hand:1,board:1,HAND,NEUTRAL,Basic {P} Energy,-1,<NONE>,0.0,0.0,0.0,0.0,0.0,0.0
1,105,1,MAIN,MAIN,1,1,3,ATTACH,hand:1,board:2,HAND,NEUTRAL,Basic {P} Energy,-1,<NONE>,0.0,0.0,0.0,0.0,0.0,0.0
1,105,1,MAIN,MAIN,1,1,4,ATTACH,hand:1,board:3,HAND,NEUTRAL,Basic {P} Energy,-1,<NONE>,0.0,0.0,0.0,0.0,0.0,0.0
1,105,1,MAIN,MAIN,1,1,5,ATTACH,hand:1,board:4,HAND,NEUTRAL,Basic {P} Energy,-1,<NONE>,0.0,0.0,0.0,0.0,0.0,0.0
1,105,1,MAIN,MAIN,1,1,6,ATTACH,hand:1,board:5,HAND,NEUTRAL,Basic {P} Energy,-1,<NONE>,0.0,0.0,0.0,0.0,0.0,0.0
1,105,1,MAIN,MAIN,1,1,7,PLAY,hand:2,,HAND,NEUTRAL,Poké Pad,-1,<NONE>,0.0,0.0,0.0,0.0,0.0,0.0
1,105,1,MAIN,MAIN,1,1,8,PLAY,hand:3,,HAND,NEUTRAL,Ultra Ball,-1,<NONE>,0.0,0.0,0.0,0.0,0.0,0.0
1,105,1,MAIN,MAIN,1,1,9,EVOLVE,hand:4,board:3,HAND,NEUTRAL,Dragapult ex,-1,<NONE>,0.0,0.0,0.0,0.0,0.0,0.0
1,105,1,MAIN,MAIN,1,1,10,EVOLVE,hand:4,board:4,HAND,NEUTRAL,Dragapult ex,-1,<NONE>,0.0,0.0,0.0,0.0,0.0,0.0
1,105,1,MAIN,MAIN,1,1,11,PLAY,hand:5,,HAND,NEUTRAL,Jamming Tower,-1,<NONE>,0.0,0.0,0.0,0.0,0.0,0.0
1,105,1,MAIN,MAIN,1,1,12,ABILITY,board:3,,BENCH,NEUTRAL,Drakloak,-1,<NONE>,0.0,0.0,0.0,0.0,0.0,0.0
1,105,1,MAIN,MAIN,1,1,13,END,,,,NEUTRAL,<NONE>,-1,<NONE>,0.0,0.0,0.0,0.0,0.0,0.0
1,106,1,MAIN,MAIN,1,1,0,PLAY,hand:0,,HAND,NEUTRAL,Crushing Hammer,-1,<NONE>,0.0,0.0,0.0,0.0,0.0,0.0
1,106,1,MAIN,MAIN,1,1,1,PLAY,hand:1,,HAND,NEUTRAL,Poké Pad,-1,<NONE>,0.0,0.0,0.0,0.0,0.0,0.0
1,106,1,MAIN,MAIN,1,1,2,PLAY,hand:2,,HAND,NEUTRAL,Ultra Ball,-1,<NONE>,0.0,0.0,0.0,0.0,0.0,0.0
1,106,1,MAIN,MAIN,1,1,3,EVOLVE,hand:3,board:3,HAND,NEUTRAL,Dragapult ex,-1,<NONE>,0.0,0.0,0.0,0.0,0.0,0.0
1,106,1,MAIN,MAIN,1,1,4,EVOLVE,hand:3,board:4,HAND,NEUTRAL,Dragapult ex,-1,<NONE>,0.0,0.0,0.0,0.0,0.0,0.0
1,106,1,MAIN,MAIN,1,1,5,PLAY,hand:4,,HAND,NEUTRAL,Jamming Tower,-1,<NONE>,0.0,0.0,0.0,0.0,0.0,0.0
1,106,1,MAIN,MAIN,1,1,6,ABILITY,board:3,,BENCH,NEUTRAL,Drakloak,-1,<NONE>,0.0,0.0,0.0,0.0,0.0,0.0
1,106,1,MAIN,MAIN,1,1,7,END,,,,NEUTRAL,<NONE>,-1,<NONE>,0.0,0.0,0.0,0.0,0.0,0.0
1,107,1,TO_HAND,CARD,0,1,0,CARD,,,DECK,ME,Munkidori,-1,<NONE>,0.0,0.0,0.0,0.0,0.0,0.0
1,107,1,TO_HAND,CARD,0,1,1,CARD,,,DECK,ME,Drakloak,-1,<NONE>,0.0,0.0,0.0,0.0,0.0,0.0
1,107,1,TO_HAND,CARD,0,1,2,CARD,,,DECK,ME,Munkidori,-1,<NONE>,0.0,0.0,0.0,0.0,0.0,0.0
1,107,1,TO_HAND,CARD,0,1,3,CARD,,,DECK,ME,Dreepy,-1,<NONE>,0.0,0.0,0.0,0.0,0.0,0.0
1,108,1,MAIN,MAIN,1,1,0,PLAY,hand:0,,HAND,NEUTRAL,Crushing Hammer,-1,<NONE>,0.0,0.0,0.0,0.0,0.0,0.0
1,108,1,MAIN,MAIN,1,1,1,PLAY,hand:1,,HAND,NEUTRAL,Ultra Ball,-1,<NONE>,0.0,0.0,0.0,0.0,0.0,0.0
1,108,1,MAIN,MAIN,1,1,2,EVOLVE,hand:2,board:3,HAND,NEUTRAL,Dragapult ex,-1,<NONE>,0.0,0.0,0.0,0.0,0.0,0.0
1,108,1,MAIN,MAIN,1,1,3,EVOLVE,hand:2,board:4,HAND,NEUTRAL,Dragapult ex,-1,<NONE>,0.0,0.0,0.0,0.0,0.0,0.0
1,108,1,MAIN,MAIN,1,1,4,PLAY,hand:3,,HAND,NEUTRAL,Jamming Tower,-1,<NONE>,0.0,0.0,0.0,0.0,0.0,0.0
1,108,1,MAIN,MAIN,1,1,5,EVOLVE,hand:8,board:0,HAND,NEUTRAL,Drakloak,-1,<NONE>,0.0,0.0,0.0,0.0,0.0,0.0
1,108,1,MAIN,MAIN,1,1,6,ABILITY,board:3,,BENCH,NEUTRAL,Drakloak,-1,<NONE>,0.0,0.0,0.0,0.0,0.0,0.0
1,108,1,MAIN,MAIN,1,1,7,END,,,,NEUTRAL,<NONE>,-1,<NONE>,0.0,0.0,0.0,0.0,0.0,0.0
1,109,0,SKILL_ORDER,SKILL,2,2,0,SKILL,,,,NEUTRAL,Froslass,-1,<NONE>,0.0,0.0,0.0,0.0,0.0,0.0
1,109,0,SKILL_ORDER,SKILL,2,2,1,SKILL,,,,NEUTRAL,Froslass,-1,<NONE>,0.0,0.0,0.0,0.0,0.0,0.0
1,110,0,MAIN,MAIN,1,1,0,PLAY,hand:0,,HAND,NEUTRAL,Team Rocket's Petrel,-1,<NONE>,0.0,0.0,0.0,0.0,0.0,0.0
1,110,0,MAIN,MAIN,1,1,1,PLAY,hand:2,,HAND,NEUTRAL,Rare Candy,-1,<NONE>,0.0,0.0,0.0,0.0,0.0,0.0
1,110,0,MAIN,MAIN,1,1,2,ATTACH,hand:7,board:0,HAND,NEUTRAL,Basic {D} Energy,-1,<NONE>,0.0,0.0,0.0,0.0,0.0,0.0
1,110,0,MAIN,MAIN,1,1,3,ATTACH,hand:7,board:1,HAND,NEUTRAL,Basic {D} Energy,-1,<NONE>,0.0,0.0,0.0,0.0,0.0,0.0
1,110,0,MAIN,MAIN,1,1,4,ATTACH,hand:7,board:2,HAND,NEUTRAL,Basic {D} Energy,-1,<NONE>,0.0,0.0,0.0,0.0,0.0,0.0
1,110,0,MAIN,MAIN,1,1,5,ATTACH,hand:7,board:3,HAND,NEUTRAL,Basic {D} Energy,-1,<NONE>,0.0,0.0,0.0,0.0,0.0,0.0
1,110,0,MAIN,MAIN,1,1,6,ATTACH,hand:7,board:4,HAND,NEUTRAL,Basic {D} Energy,-1,<NONE>,0.0,0.0,0.0,0.0,0.0,0.0
1,110,0,MAIN,MAIN,1,1,7,ATTACH,hand:7,board:5,HAND,NEUTRAL,Basic {D} Energy,-1,<NONE>,0.0,0.0,0.0,0.0,0.0,0.0
1,110,0,MAIN,MAIN,1,1,8,ABILITY,board:1,,BENCH,NEUTRAL,Munkidori,-1,<NONE>,0.0,0.0,0.0,0.0,0.0,0.0
1,110,0,MAIN,MAIN,1,1,9,ABILITY,board:18,,STADIUM,NEUTRAL,Spikemuth Gym,-1,<NONE>,0.0,0.0,0.0,0.0,0.0,0.0
1,110,0,MAIN,MAIN,1,1,10,RETREAT,,,,NEUTRAL,<NONE>,-1,<NONE>,0.0,0.0,0.0,0.0,0.0,0.0
1,110,0,MAIN,MAIN,1,1,11,END,,,,NEUTRAL,<NONE>,-1,<NONE>,0.0,0.0,0.0,0.0,0.0,0.0
1,111,0,MAIN,MAIN,1,1,0,PLAY,hand:0,,HAND,NEUTRAL,Team Rocket's Petrel,-1,<NONE>,0.0,0.0,0.0,0.0,0.0,0.0
1,111,0,MAIN,MAIN,1,1,1,PLAY,hand:2,,HAND,NEUTRAL,Rare Candy,-1,<NONE>,0.0,0.0,0.0,0.0,0.0,0.0
1,111,0,MAIN,MAIN,1,1,2,ABILITY,board:1,,BENCH,NEUTRAL,Munkidori,-1,<NONE>,0.0,0.0,0.0,0.0,0.0,0.0
1,111,0,MAIN,MAIN,1,1,3,ABILITY,board:18,,STADIUM,NEUTRAL,Spikemuth Gym,-1,<NONE>,0.0,0.0,0.0,0.0,0.0,0.0
1,111,0,MAIN,MAIN,1,1,4,RETREAT,,,,NEUTRAL,<NONE>,-1,<NONE>,0.0,0.0,0.0,0.0,0.0,0.0
1,111,0,MAIN,MAIN,1,1,5,END,,,,NEUTRAL,<NONE>,-1,<NONE>,0.0,0.0,0.0,0.0,0.0,0.0
1,112,0,TO_HAND,CARD,0,1,0,CARD,,,DECK,ME,Buddy-Buddy Poffin,-1,<NONE>,0.0,0.0,0.0,0.0,0.0,0.0
1,112,0,TO_HAND,CARD,0,1,1,CARD,,,DECK,ME,Night Stretcher,-1,<NONE>,0.0,0.0,0.0,0.0,0.0,0.0
1,112,0,TO_HAND,CARD,0,1,2,CARD,,,DECK,ME,Precious Trolley,-1,<NONE>,0.0,0.0,0.0,0.0,0.0,0.0
1,112,0,TO_HAND,CARD,0,1,3,CARD,,,DECK,ME,Air Balloon,-1,<NONE>,0.0,0.0,0.0,0.0,0.0,0.0
1,112,0,TO_HAND,CARD,0,1,4,CARD,,,DECK,ME,Lillie's Determination,-1,<NONE>,0.0,0.0,0.0,0.0,0.0,0.0
1,112,0,TO_HAND,CARD,0,1,5,CARD,,,DECK,ME,Tool Scrapper,-1,<NONE>,0.0,0.0,0.0,0.0,0.0,0.0
1,112,0,TO_HAND,CARD,0,1,6,CARD,,,DECK,ME,Gwynn,-1,<NONE>,0.0,0.0,0.0,0.0,0.0,0.0
1,112,0,TO_HAND,CARD,0,1,7,CARD,,,DECK,ME,Lillie's Determination,-1,<NONE>,0.0,0.0,0.0,0.0,0.0,0.0
1,112,0,TO_HAND,CARD,0,1,8,CARD,,,DECK,ME,Spikemuth Gym,-1,<NONE>,0.0,0.0,0.0,0.0,0.0,0.0
1,112,0,TO_HAND,CARD,0,1,9,CARD,,,DECK,ME,Spikemuth Gym,-1,<NONE>,0.0,0.0,0.0,0.0,0.0,0.0
1,112,0,TO_HAND,CARD,0,1,10,CARD,,,DECK,ME,Team Rocket's Petrel,-1,<NONE>,0.0,0.0,0.0,0.0,0.0,0.0
1,112,0,TO_HAND,CARD,0,1,11,CARD,,,DECK,ME,Poké Pad,-1,<NONE>,0.0,0.0,0.0,0.0,0.0,0.0
1,112,0,TO_HAND,CARD,0,1,12,CARD,,,DECK,ME,Buddy-Buddy Poffin,-1,<NONE>,0.0,0.0,0.0,0.0,0.0,0.0
1,112,0,TO_HAND,CARD,0,1,13,CARD,,,DECK,ME,Boss’s Orders,-1,<NONE>,0.0,0.0,0.0,0.0,0.0,0.0
1,113,0,MAIN,MAIN,1,1,0,PLAY,hand:1,,HAND,NEUTRAL,Rare Candy,-1,<NONE>,0.0,0.0,0.0,0.0,0.0,0.0
1,113,0,MAIN,MAIN,1,1,1,ATTACH,hand:6,board:0,HAND,NEUTRAL,Air Balloon,-1,<NONE>,0.0,0.0,0.0,0.0,0.0,0.0
1,113,0,MAIN,MAIN,1,1,2,ATTACH,hand:6,board:1,HAND,NEUTRAL,Air Balloon,-1,<NONE>,0.0,0.0,0.0,0.0,0.0,0.0
1,113,0,MAIN,MAIN,1,1,3,ATTACH,hand:6,board:2,HAND,NEUTRAL,Air Balloon,-1,<NONE>,0.0,0.0,0.0,0.0,0.0,0.0
1,113,0,MAIN,MAIN,1,1,4,ATTACH,hand:6,board:3,HAND,NEUTRAL,Air Balloon,-1,<NONE>,0.0,0.0,0.0,0.0,0.0,0.0
1,113,0,MAIN,MAIN,1,1,5,ATTACH,hand:6,board:4,HAND,NEUTRAL,Air Balloon,-1,<NONE>,0.0,0.0,0.0,0.0,0.0,0.0
1,113,0,MAIN,MAIN,1,1,6,ATTACH,hand:6,board:5,HAND,NEUTRAL,Air Balloon,-1,<NONE>,0.0,0.0,0.0,0.0,0.0,0.0
1,113,0,MAIN,MAIN,1,1,7,ABILITY,board:1,,BENCH,NEUTRAL,Munkidori,-1,<NONE>,0.0,0.0,0.0,0.0,0.0,0.0
1,113,0,MAIN,MAIN,1,1,8,ABILITY,board:18,,STADIUM,NEUTRAL,Spikemuth Gym,-1,<NONE>,0.0,0.0,0.0,0.0,0.0,0.0
1,113,0,MAIN,MAIN,1,1,9,RETREAT,,,,NEUTRAL,<NONE>,-1,<NONE>,0.0,0.0,0.0,0.0,0.0,0.0
1,113,0,MAIN,MAIN,1,1,10,END,,,,NEUTRAL,<NONE>,-1,<NONE>,0.0,0.0,0.0,0.0,0.0,0.0
1,114,0,MAIN,MAIN,1,1,0,PLAY,hand:1,,HAND,NEUTRAL,Rare Candy,-1,<NONE>,0.0,0.0,0.0,0.0,0.0,0.0
1,114,0,MAIN,MAIN,1,1,1,ABILITY,board:1,,BENCH,NEUTRAL,Munkidori,-1,<NONE>,0.0,0.0,0.0,0.0,0.0,0.0
1,114,0,MAIN,MAIN,1,1,2,ABILITY,board:18,,STADIUM,NEUTRAL,Spikemuth Gym,-1,<NONE>,0.0,0.0,0.0,0.0,0.0,0.0
1,114,0,MAIN,MAIN,1,1,3,RETREAT,,,,NEUTRAL,<NONE>,-1,<NONE>,0.0,0.0,0.0,0.0,0.0,0.0
1,114,0,MAIN,MAIN,1,1,4,END,,,,NEUTRAL,<NONE>,-1,<NONE>,0.0,0.0,0.0,0.0,0.0,0.0
1,115,0,DISCARD_ENERGY,ENERGY,1,1,0,ENERGY,board:0,,ACTIVE,ME,Basic {D} Energy,0,<NONE>,0.0,1.0,0.0,0.0,0.0,0.0
1,115,0,DISCARD_ENERGY,ENERGY,1,1,1,ENERGY,board:0,,ACTIVE,ME,Basic {D} Energy,1,<NONE>,0.0,1.0,0.0,0.0,0.0,0.0
1,116,0,SWITCH,CARD,1,1,0,CARD,board:1,,BENCH,ME,Munkidori,-1,<NONE>,0.0,0.0,0.0,0.0,0.0,0.0
1,116,0,SWITCH,CARD,1,1,1,CARD,board:2,,BENCH,ME,Marnie's Grimmsnarl ex,-1,<NONE>,0.0,0.0,0.0,0.0,0.0,0.0
1,116,0,SWITCH,CARD,1,1,2,CARD,board:3,,BENCH,ME,Marnie's Impidimp,-1,<NONE>,0.0,0.0,0.0,0.0,0.0,0.0
1,116,0,SWITCH,CARD,1,1,3,CARD,board:4,,BENCH,ME,Munkidori,-1,<NONE>,0.0,0.0,0.0,0.0,0.0,0.0
1,116,0,SWITCH,CARD,1,1,4,CARD,board:5,,BENCH,ME,Froslass,-1,<NONE>,0.0,0.0,0.0,0.0,0.0,0.0
1,117,0,MAIN,MAIN,1,1,0,PLAY,hand:1,,HAND,NEUTRAL,Rare Candy,-1,<NONE>,0.0,0.0,0.0,0.0,0.0,0.0
1,117,0,MAIN,MAIN,1,1,1,PLAY,hand:5,,HAND,NEUTRAL,Night Stretcher,-1,<NONE>,0.0,0.0,0.0,0.0,0.0,0.0
1,117,0,MAIN,MAIN,1,1,2,ABILITY,board:1,,BENCH,NEUTRAL,Munkidori,-1,<NONE>,0.0,0.0,0.0,0.0,0.0,0.0
1,117,0,MAIN,MAIN,1,1,3,ABILITY,board:18,,STADIUM,NEUTRAL,Spikemuth Gym,-1,<NONE>,0.0,0.0,0.0,0.0,0.0,0.0
1,117,0,MAIN,MAIN,1,1,4,END,,,,NEUTRAL,<NONE>,-1,<NONE>,0.0,0.0,0.0,0.0,0.0,0.0
1,118,0,EVOLVE,EVOLVE,1,1,0,EVOLVE,hand:2,board:3,HAND,NEUTRAL,Marnie's Grimmsnarl ex,-1,<NONE>,0.0,0.0,0.0,0.0,0.0,0.0
1,119,0,ACTIVATE,YES_NO,1,1,0,YES,,,,NEUTRAL,<NONE>,-1,<NONE>,0.0,0.0,0.0,0.0,0.0,0.0
1,119,0,ACTIVATE,YES_NO,1,1,1,NO,,,,NEUTRAL,<NONE>,-1,<NONE>,0.0,0.0,0.0,0.0,0.0,0.0
1,120,0,ATTACH_TO,CARD,0,3,0,CARD,,,DECK,ME,Basic {D} Energy,-1,<NONE>,0.0,0.0,0.0,0.0,0.0,0.0
1,120,0,ATTACH_TO,CARD,0,3,1,CARD,,,DECK,ME,Basic {D} Energy,-1,<NONE>,0.0,0.0,0.0,0.0,0.0,0.0
1,120,0,ATTACH_TO,CARD,0,3,2,CARD,,,DECK,ME,Basic {D} Energy,-1,<NONE>,0.0,0.0,0.0,0.0,0.0,0.0
1,121,0,ATTACH_FROM,CARD,1,1,0,CARD,board:0,,ACTIVE,ME,Marnie's Grimmsnarl ex,-1,<NONE>,0.0,0.0,0.0,0.0,0.0,0.0
1,121,0,ATTACH_FROM,CARD,1,1,1,CARD,board:3,,BENCH,ME,Marnie's Grimmsnarl ex,-1,<NONE>,0.0,0.0,0.0,0.0,0.0,0.0
1,122,0,ATTACH_FROM,CARD,1,1,0,CARD,board:0,,ACTIVE,ME,Marnie's Grimmsnarl ex,-1,<NONE>,0.0,0.0,0.0,0.0,0.0,0.0
1,122,0,ATTACH_FROM,CARD,1,1,1,CARD,board:3,,BENCH,ME,Marnie's Grimmsnarl ex,-1,<NONE>,0.0,0.0,0.0,0.0,0.0,0.0
1,123,0,MAIN,MAIN,1,1,0,PLAY,hand:3,,HAND,NEUTRAL,Night Stretcher,-1,<NONE>,0.0,0.0,0.0,0.0,0.0,0.0
1,123,0,MAIN,MAIN,1,1,1,ABILITY,board:1,,BENCH,NEUTRAL,Munkidori,-1,<NONE>,0.0,0.0,0.0,0.0,0.0,0.0
1,123,0,MAIN,MAIN,1,1,2,ABILITY,board:18,,STADIUM,NEUTRAL,Spikemuth Gym,-1,<NONE>,0.0,0.0,0.0,0.0,0.0,0.0
1,123,0,MAIN,MAIN,1,1,3,ATTACK,,,,NEUTRAL,<NONE>,-1,Shadow Bullet,0.0,0.0,180.0,2.0,1.0,1.0
1,123,0,MAIN,MAIN,1,1,4,END,,,,NEUTRAL,<NONE>,-1,<NONE>,0.0,0.0,0.0,0.0,0.0,0.0
1,124,0,TO_HAND,CARD,0,1,0,CARD,,,DECK,ME,Marnie's Morgrem,-1,<NONE>,0.0,0.0,0.0,0.0,0.0,0.0
1,124,0,TO_HAND,CARD,0,1,1,CARD,,,DECK,ME,Marnie's Grimmsnarl ex,-1,<NONE>,0.0,0.0,0.0,0.0,0.0,0.0
1,124,0,TO_HAND,CARD,0,1,2,CARD,,,DECK,ME,Marnie's Morgrem,-1,<NONE>,0.0,0.0,0.0,0.0,0.0,0.0
1,125,0,MAIN,MAIN,1,1,0,PLAY,hand:3,,HAND,NEUTRAL,Night Stretcher,-1,<NONE>,0.0,0.0,0.0,0.0,0.0,0.0
1,125,0,MAIN,MAIN,1,1,1,ABILITY,board:1,,BENCH,NEUTRAL,Munkidori,-1,<NONE>,0.0,0.0,0.0,0.0,0.0,0.0
1,125,0,MAIN,MAIN,1,1,2,ATTACK,,,,NEUTRAL,<NONE>,-1,Shadow Bullet,0.0,0.0,180.0,2.0,1.0,1.0
1,125,0,MAIN,MAIN,1,1,3,END,,,,NEUTRAL,<NONE>,-1,<NONE>,0.0,0.0,0.0,0.0,0.0,0.0
1,126,0,REMOVE_DAMAGE_COUNTER,CARD,1,1,0,CARD,board:0,,ACTIVE,ME,Marnie's Grimmsnarl ex,-1,<NONE>,0.0,0.0,0.0,0.0,0.0,0.0
1,126,0,REMOVE_DAMAGE_COUNTER,CARD,1,1,1,CARD,board:1,,BENCH,ME,Munkidori,-1,<NONE>,0.0,0.0,0.0,0.0,0.0,0.0
1,126,0,REMOVE_DAMAGE_COUNTER,CARD,1,1,2,CARD,board:4,,BENCH,ME,Munkidori,-1,<NONE>,0.0,0.0,0.0,0.0,0.0,0.0
1,127,0,REMOVE_DAMAGE_COUNTER_COUNT,COUNT,1,1,0,NUMBER,,,,NEUTRAL,<NONE>,-1,<NONE>,1.0,0.0,0.0,0.0,0.0,0.0
1,127,0,REMOVE_DAMAGE_COUNTER_COUNT,COUNT,1,1,1,NUMBER,,,,NEUTRAL,<NONE>,-1,<NONE>,2.0,0.0,0.0,0.0,0.0,0.0
1,127,0,REMOVE_DAMAGE_COUNTER_COUNT,COUNT,1,1,2,NUMBER,,,,NEUTRAL,<NONE>,-1,<NONE>,3.0,0.0,0.0,0.0,0.0,0.0
1,128,0,DAMAGE_COUNTER,CARD,1,1,0,CARD,board:9,,ACTIVE,OPP,Dreepy,-1,<NONE>,0.0,0.0,0.0,0.0,0.0,0.0
1,128,0,DAMAGE_COUNTER,CARD,1,1,1,CARD,board:10,,BENCH,OPP,Budew,-1,<NONE>,0.0,0.0,0.0,0.0,0.0,0.0
1,128,0,DAMAGE_COUNTER,CARD,1,1,2,CARD,board:11,,BENCH,OPP,Budew,-1,<NONE>,0.0,0.0,0.0,0.0,0.0,0.0
1,128,0,DAMAGE_COUNTER,CARD,1,1,3,CARD,board:12,,BENCH,OPP,Drakloak,-1,<NONE>,0.0,0.0,0.0,0.0,0.0,0.0
1,128,0,DAMAGE_COUNTER,CARD,1,1,4,CARD,board:13,,BENCH,OPP,Drakloak,-1,<NONE>,0.0,0.0,0.0,0.0,0.0,0.0
1,128,0,DAMAGE_COUNTER,CARD,1,1,5,CARD,board:14,,BENCH,OPP,Meowth ex,-1,<NONE>,0.0,0.0,0.0,0.0,0.0,0.0
1,129,0,MAIN,MAIN,1,1,0,PLAY,hand:3,,HAND,NEUTRAL,Night Stretcher,-1,<NONE>,0.0,0.0,0.0,0.0,0.0,0.0
1,129,0,MAIN,MAIN,1,1,1,ATTACK,,,,NEUTRAL,<NONE>,-1,Shadow Bullet,0.0,0.0,180.0,2.0,1.0,1.0
1,129,0,MAIN,MAIN,1,1,2,END,,,,NEUTRAL,<NONE>,-1,<NONE>,0.0,0.0,0.0,0.0,0.0,0.0
1,130,0,TO_HAND,CARD,1,1,0,CARD,,,DISCARD,ME,Basic {D} Energy,-1,<NONE>,0.0,0.0,0.0,0.0,0.0,0.0
1,131,0,MAIN,MAIN,1,1,0,ATTACK,,,,NEUTRAL,<NONE>,-1,Shadow Bullet,0.0,0.0,180.0,2.0,1.0,1.0
1,131,0,MAIN,MAIN,1,1,1,END,,,,NEUTRAL,<NONE>,-1,<NONE>,0.0,0.0,0.0,0.0,0.0,0.0
1,132,0,DAMAGE,CARD,1,1,0,CARD,board:10,,BENCH,OPP,Budew,-1,<NONE>,0.0,0.0,0.0,0.0,0.0,0.0
1,132,0,DAMAGE,CARD,1,1,1,CARD,board:11,,BENCH,OPP,Budew,-1,<NONE>,0.0,0.0,0.0,0.0,0.0,0.0
1,132,0,DAMAGE,CARD,1,1,2,CARD,board:12,,BENCH,OPP,Drakloak,-1,<NONE>,0.0,0.0,0.0,0.0,0.0,0.0
1,132,0,DAMAGE,CARD,1,1,3,CARD,board:13,,BENCH,OPP,Drakloak,-1,<NONE>,0.0,0.0,0.0,0.0,0.0,0.0
1,132,0,DAMAGE,CARD,1,1,4,CARD,board:14,,BENCH,OPP,Meowth ex,-1,<NONE>,0.0,0.0,0.0,0.0,0.0,0.0
1,133,0,TO_HAND,CARD,1,1,0,CARD,,,PRIZE,ME,<HIDDEN>,-1,<NONE>,0.0,0.0,0.0,0.0,0.0,0.0
1,133,0,TO_HAND,CARD,1,1,1,CARD,,,PRIZE,ME,<HIDDEN>,-1,<NONE>,0.0,0.0,0.0,0.0,0.0,0.0
1,133,0,TO_HAND,CARD,1,1,2,CARD,,,PRIZE,ME,<HIDDEN>,-1,<NONE>,0.0,0.0,0.0,0.0,0.0,0.0
1,133,0,TO_HAND,CARD,1,1,3,CARD,,,PRIZE,ME,<HIDDEN>,-1,<NONE>,0.0,0.0,0.0,0.0,0.0,0.0
1,133,0,TO_HAND,CARD,1,1,4,CARD,,,PRIZE,ME,<HIDDEN>,-1,<NONE>,0.0,0.0,0.0,0.0,0.0,0.0
1,133,0,TO_HAND,CARD,1,1,5,CARD,,,PRIZE,ME,<HIDDEN>,-1,<NONE>,0.0,0.0,0.0,0.0,0.0,0.0
1,134,0,TO_HAND,CARD,1,1,0,CARD,,,PRIZE,ME,<HIDDEN>,-1,<NONE>,0.0,0.0,0.0,0.0,0.0,0.0
1,134,0,TO_HAND,CARD,1,1,1,CARD,,,PRIZE,ME,<HIDDEN>,-1,<NONE>,0.0,0.0,0.0,0.0,0.0,0.0
1,134,0,TO_HAND,CARD,1,1,2,CARD,,,PRIZE,ME,<HIDDEN>,-1,<NONE>,0.0,0.0,0.0,0.0,0.0,0.0
1,134,0,TO_HAND,CARD,1,1,3,CARD,,,PRIZE,ME,<HIDDEN>,-1,<NONE>,0.0,0.0,0.0,0.0,0.0,0.0
1,134,0,TO_HAND,CARD,1,1,4,CARD,,,PRIZE,ME,<HIDDEN>,-1,<NONE>,0.0,0.0,0.0,0.0,0.0,0.0
1,135,1,TO_ACTIVE,CARD,1,1,0,CARD,board:1,,BENCH,ME,Budew,-1,<NONE>,0.0,0.0,0.0,0.0,0.0,0.0
1,135,1,TO_ACTIVE,CARD,1,1,1,CARD,board:2,,BENCH,ME,Budew,-1,<NONE>,0.0,0.0,0.0,0.0,0.0,0.0
1,135,1,TO_ACTIVE,CARD,1,1,2,CARD,board:3,,BENCH,ME,Drakloak,-1,<NONE>,0.0,0.0,0.0,0.0,0.0,0.0
1,135,1,TO_ACTIVE,CARD,1,1,3,CARD,board:4,,BENCH,ME,Meowth ex,-1,<NONE>,0.0,0.0,0.0,0.0,0.0,0.0
1,136,1,SKILL_ORDER,SKILL,2,2,0,SKILL,,,,NEUTRAL,Froslass,-1,<NONE>,0.0,0.0,0.0,0.0,0.0,0.0
1,136,1,SKILL_ORDER,SKILL,2,2,1,SKILL,,,,NEUTRAL,Froslass,-1,<NONE>,0.0,0.0,0.0,0.0,0.0,0.0
1,137,0,TO_HAND,CARD,1,1,0,CARD,,,PRIZE,ME,<HIDDEN>,-1,<NONE>,0.0,0.0,0.0,0.0,0.0,0.0
1,137,0,TO_HAND,CARD,1,1,1,CARD,,,PRIZE,ME,<HIDDEN>,-1,<NONE>,0.0,0.0,0.0,0.0,0.0,0.0
1,137,0,TO_HAND,CARD,1,1,2,CARD,,,PRIZE,ME,<HIDDEN>,-1,<NONE>,0.0,0.0,0.0,0.0,0.0,0.0
1,137,0,TO_HAND,CARD,1,1,3,CARD,,,PRIZE,ME,<HIDDEN>,-1,<NONE>,0.0,0.0,0.0,0.0,0.0,0.0
1,138,1,TO_ACTIVE,CARD,1,1,0,CARD,board:1,,BENCH,ME,Budew,-1,<NONE>,0.0,0.0,0.0,0.0,0.0,0.0
1,138,1,TO_ACTIVE,CARD,1,1,1,CARD,board:2,,BENCH,ME,Budew,-1,<NONE>,0.0,0.0,0.0,0.0,0.0,0.0
1,138,1,TO_ACTIVE,CARD,1,1,2,CARD,board:3,,BENCH,ME,Meowth ex,-1,<NONE>,0.0,0.0,0.0,0.0,0.0,0.0
1,139,1,MAIN,MAIN,1,1,0,PLAY,hand:0,,HAND,NEUTRAL,Crushing Hammer,-1,<NONE>,0.0,0.0,0.0,0.0,0.0,0.0
1,139,1,MAIN,MAIN,1,1,1,PLAY,hand:1,,HAND,NEUTRAL,Ultra Ball,-1,<NONE>,0.0,0.0,0.0,0.0,0.0,0.0
1,139,1,MAIN,MAIN,1,1,2,PLAY,hand:3,,HAND,NEUTRAL,Jamming Tower,-1,<NONE>,0.0,0.0,0.0,0.0,0.0,0.0
1,139,1,MAIN,MAIN,1,1,3,PLAY,hand:4,,HAND,NEUTRAL,Unfair Stamp,-1,<NONE>,0.0,0.0,0.0,0.0,0.0,0.0
1,139,1,MAIN,MAIN,1,1,4,PLAY,hand:5,,HAND,NEUTRAL,Chi-Yu,-1,<NONE>,0.0,0.0,0.0,0.0,0.0,0.0
1,139,1,MAIN,MAIN,1,1,5,PLAY,hand:6,,HAND,NEUTRAL,Lillie's Determination,-1,<NONE>,0.0,0.0,0.0,0.0,0.0,0.0
1,139,1,MAIN,MAIN,1,1,6,PLAY,hand:7,,HAND,NEUTRAL,Crispin,-1,<NONE>,0.0,0.0,0.0,0.0,0.0,0.0
1,139,1,MAIN,MAIN,1,1,7,PLAY,hand:9,,HAND,NEUTRAL,Judge,-1,<NONE>,0.0,0.0,0.0,0.0,0.0,0.0
1,139,1,MAIN,MAIN,1,1,8,ABILITY,board:18,,STADIUM,NEUTRAL,Spikemuth Gym,-1,<NONE>,0.0,0.0,0.0,0.0,0.0,0.0
1,139,1,MAIN,MAIN,1,1,9,ATTACK,,,,NEUTRAL,<NONE>,-1,Itchy Pollen,0.0,0.0,10.0,0.0,0.043,0.0
1,139,1,MAIN,MAIN,1,1,10,RETREAT,,,,NEUTRAL,<NONE>,-1,<NONE>,0.0,0.0,0.0,0.0,0.0,0.0
1,139,1,MAIN,MAIN,1,1,11,END,,,,NEUTRAL,<NONE>,-1,<NONE>,0.0,0.0,0.0,0.0,0.0,0.0
1,140,1,MAIN,MAIN,1,1,0,PLAY,hand:0,,HAND,NEUTRAL,Ultra Ball,-1,<NONE>,0.0,0.0,0.0,0.0,0.0,0.0
1,140,1,MAIN,MAIN,1,1,1,PLAY,hand:1,,HAND,NEUTRAL,Poké Pad,-1,<NONE>,0.0,0.0,0.0,0.0,0.0,0.0
1,140,1,MAIN,MAIN,1,1,2,ATTACH,hand:4,board:0,HAND,NEUTRAL,Basic {P} Energy,-1,<NONE>,0.0,0.0,0.0,0.0,0.0,0.0
1,140,1,MAIN,MAIN,1,1,3,ATTACH,hand:4,board:1,HAND,NEUTRAL,Basic {P} Energy,-1,<NONE>,0.0,0.0,0.0,0.0,0.0,0.0
1,140,1,MAIN,MAIN,1,1,4,ATTACH,hand:4,board:2,HAND,NEUTRAL,Basic {P} Energy,-1,<NONE>,0.0,0.0,0.0,0.0,0.0,0.0
1,140,1,MAIN,MAIN,1,1,5,PLAY,hand:7,,HAND,NEUTRAL,Jamming Tower,-1,<NONE>,0.0,0.0,0.0,0.0,0.0,0.0
1,140,1,MAIN,MAIN,1,1,6,ABILITY,board:18,,STADIUM,NEUTRAL,Spikemuth Gym,-1,<NONE>,0.0,0.0,0.0,0.0,0.0,0.0
1,140,1,MAIN,MAIN,1,1,7,ATTACK,,,,NEUTRAL,<NONE>,-1,Itchy Pollen,0.0,0.0,10.0,0.0,0.043,0.0
1,140,1,MAIN,MAIN,1,1,8,RETREAT,,,,NEUTRAL,<NONE>,-1,<NONE>,0.0,0.0,0.0,0.0,0.0,0.0
1,140,1,MAIN,MAIN,1,1,9,END,,,,NEUTRAL,<NONE>,-1,<NONE>,0.0,0.0,0.0,0.0,0.0,0.0
1,141,1,DISCARD,CARD,2,2,0,CARD,hand:0,,HAND,ME,Poké Pad,-1,<NONE>,0.0,0.0,0.0,0.0,0.0,0.0
1,141,1,DISCARD,CARD,2,2,1,CARD,hand:1,,HAND,ME,Boss’s Orders,-1,<NONE>,0.0,0.0,0.0,0.0,0.0,0.0
1,141,1,DISCARD,CARD,2,2,2,CARD,hand:2,,HAND,ME,Drakloak,-1,<NONE>,0.0,0.0,0.0,0.0,0.0,0.0
1,141,1,DISCARD,CARD,2,2,3,CARD,hand:3,,HAND,ME,Basic {P} Energy,-1,<NONE>,0.0,0.0,0.0,0.0,0.0,0.0
1,141,1,DISCARD,CARD,2,2,4,CARD,hand:4,,HAND,ME,Lillie's Determination,-1,<NONE>,0.0,0.0,0.0,0.0,0.0,0.0
1,141,1,DISCARD,CARD,2,2,5,CARD,hand:5,,HAND,ME,Dragapult ex,-1,<NONE>,0.0,0.0,0.0,0.0,0.0,0.0
1,141,1,DISCARD,CARD,2,2,6,CARD,hand:6,,HAND,ME,Jamming Tower,-1,<NONE>,0.0,0.0,0.0,0.0,0.0,0.0
1,142,1,TO_HAND,CARD,0,1,0,CARD,,,DECK,ME,Dreepy,-1,<NONE>,0.0,0.0,0.0,0.0,0.0,0.0
1,142,1,TO_HAND,CARD,0,1,1,CARD,,,DECK,ME,Chi-Yu,-1,<NONE>,0.0,0.0,0.0,0.0,0.0,0.0
1,142,1,TO_HAND,CARD,0,1,2,CARD,,,DECK,ME,Munkidori,-1,<NONE>,0.0,0.0,0.0,0.0,0.0,0.0
1,142,1,TO_HAND,CARD,0,1,3,CARD,,,DECK,ME,Munkidori,-1,<NONE>,0.0,0.0,0.0,0.0,0.0,0.0
1,142,1,TO_HAND,CARD,0,1,4,CARD,,,DECK,ME,Fezandipiti ex,-1,<NONE>,0.0,0.0,0.0,0.0,0.0,0.0
1,143,1,MAIN,MAIN,1,1,0,PLAY,hand:0,,HAND,NEUTRAL,Poké Pad,-1,<NONE>,0.0,0.0,0.0,0.0,0.0,0.0
1,143,1,MAIN,MAIN,1,1,1,ATTACH,hand:2,board:0,HAND,NEUTRAL,Basic {P} Energy,-1,<NONE>,0.0,0.0,0.0,0.0,0.0,0.0
1,143,1,MAIN,MAIN,1,1,2,ATTACH,hand:2,board:1,HAND,NEUTRAL,Basic {P} Energy,-1,<NONE>,0.0,0.0,0.0,0.0,0.0,0.0
1,143,1,MAIN,MAIN,1,1,3,ATTACH,hand:2,board:2,HAND,NEUTRAL,Basic {P} Energy,-1,<NONE>,0.0,0.0,0.0,0.0,0.0,0.0
1,143,1,MAIN,MAIN,1,1,4,PLAY,hand:5,,HAND,NEUTRAL,Munkidori,-1,<NONE>,0.0,0.0,0.0,0.0,0.0,0.0
1,143,1,MAIN,MAIN,1,1,5,ABILITY,board:18,,STADIUM,NEUTRAL,Spikemuth Gym,-1,<NONE>,0.0,0.0,0.0,0.0,0.0,0.0
1,143,1,MAIN,MAIN,1,1,6,ATTACK,,,,NEUTRAL,<NONE>,-1,Itchy Pollen,0.0,0.0,10.0,0.0,0.043,0.0
1,143,1,MAIN,MAIN,1,1,7,RETREAT,,,,NEUTRAL,<NONE>,-1,<NONE>,0.0,0.0,0.0,0.0,0.0,0.0
1,143,1,MAIN,MAIN,1,1,8,END,,,,NEUTRAL,<NONE>,-1,<NONE>,0.0,0.0,0.0,0.0,0.0,0.0
1,144,0,SKILL_ORDER,SKILL,2,2,0,SKILL,,,,NEUTRAL,Froslass,-1,<NONE>,0.0,0.0,0.0,0.0,0.0,0.0
1,144,0,SKILL_ORDER,SKILL,2,2,1,SKILL,,,,NEUTRAL,Froslass,-1,<NONE>,0.0,0.0,0.0,0.0,0.0,0.0
1,145,1,TO_HAND,CARD,1,1,0,CARD,,,PRIZE,ME,<HIDDEN>,-1,<NONE>,0.0,0.0,0.0,0.0,0.0,0.0
1,145,1,TO_HAND,CARD,1,1,1,CARD,,,PRIZE,ME,<HIDDEN>,-1,<NONE>,0.0,0.0,0.0,0.0,0.0,0.0
1,145,1,TO_HAND,CARD,1,1,2,CARD,,,PRIZE,ME,<HIDDEN>,-1,<NONE>,0.0,0.0,0.0,0.0,0.0,0.0
1,145,1,TO_HAND,CARD,1,1,3,CARD,,,PRIZE,ME,<HIDDEN>,-1,<NONE>,0.0,0.0,0.0,0.0,0.0,0.0
1,145,1,TO_HAND,CARD,1,1,4,CARD,,,PRIZE,ME,<HIDDEN>,-1,<NONE>,0.0,0.0,0.0,0.0,0.0,0.0
1,145,1,TO_HAND,CARD,1,1,5,CARD,,,PRIZE,ME,<HIDDEN>,-1,<NONE>,0.0,0.0,0.0,0.0,0.0,0.0
1,146,1,TO_HAND,CARD,1,1,0,CARD,,,PRIZE,ME,<HIDDEN>,-1,<NONE>,0.0,0.0,0.0,0.0,0.0,0.0
1,146,1,TO_HAND,CARD,1,1,1,CARD,,,PRIZE,ME,<HIDDEN>,-1,<NONE>,0.0,0.0,0.0,0.0,0.0,0.0
1,146,1,TO_HAND,CARD,1,1,2,CARD,,,PRIZE,ME,<HIDDEN>,-1,<NONE>,0.0,0.0,0.0,0.0,0.0,0.0
1,146,1,TO_HAND,CARD,1,1,3,CARD,,,PRIZE,ME,<HIDDEN>,-1,<NONE>,0.0,0.0,0.0,0.0,0.0,0.0
1,146,1,TO_HAND,CARD,1,1,4,CARD,,,PRIZE,ME,<HIDDEN>,-1,<NONE>,0.0,0.0,0.0,0.0,0.0,0.0
1,147,0,MAIN,MAIN,1,1,0,PLAY,hand:0,,HAND,NEUTRAL,Budew,-1,<NONE>,0.0,0.0,0.0,0.0,0.0,0.0
1,147,0,MAIN,MAIN,1,1,1,PLAY,hand:2,,HAND,NEUTRAL,Marnie's Impidimp,-1,<NONE>,0.0,0.0,0.0,0.0,0.0,0.0
1,147,0,MAIN,MAIN,1,1,2,ATTACH,hand:4,board:0,HAND,NEUTRAL,Basic {D} Energy,-1,<NONE>,0.0,0.0,0.0,0.0,0.0,0.0
1,147,0,MAIN,MAIN,1,1,3,ATTACH,hand:4,board:1,HAND,NEUTRAL,Basic {D} Energy,-1,<NONE>,0.0,0.0,0.0,0.0,0.0,0.0
1,147,0,MAIN,MAIN,1,1,4,ATTACH,hand:4,board:2,HAND,NEUTRAL,Basic {D} Energy,-1,<NONE>,0.0,0.0,0.0,0.0,0.0,0.0
1,147,0,MAIN,MAIN,1,1,5,ATTACH,hand:4,board:3,HAND,NEUTRAL,Basic {D} Energy,-1,<NONE>,0.0,0.0,0.0,0.0,0.0,0.0
1,147,0,MAIN,MAIN,1,1,6,PLAY,hand:5,,HAND,NEUTRAL,Poké Pad,-1,<NONE>,0.0,0.0,0.0,0.0,0.0,0.0
1,147,0,MAIN,MAIN,1,1,7,ATTACH,hand:7,board:0,HAND,NEUTRAL,Basic {D} Energy,-1,<NONE>,0.0,0.0,0.0,0.0,0.0,0.0
1,147,0,MAIN,MAIN,1,1,8,ATTACH,hand:7,board:1,HAND,NEUTRAL,Basic {D} Energy,-1,<NONE>,0.0,0.0,0.0,0.0,0.0,0.0
1,147,0,MAIN,MAIN,1,1,9,ATTACH,hand:7,board:2,HAND,NEUTRAL,Basic {D} Energy,-1,<NONE>,0.0,0.0,0.0,0.0,0.0,0.0
1,147,0,MAIN,MAIN,1,1,10,ATTACH,hand:7,board:3,HAND,NEUTRAL,Basic {D} Energy,-1,<NONE>,0.0,0.0,0.0,0.0,0.0,0.0
1,147,0,MAIN,MAIN,1,1,11,ABILITY,board:18,,STADIUM,NEUTRAL,Spikemuth Gym,-1,<NONE>,0.0,0.0,0.0,0.0,0.0,0.0
1,147,0,MAIN,MAIN,1,1,12,ATTACK,,,,NEUTRAL,<NONE>,-1,Shadow Bullet,0.0,0.0,180.0,2.0,1.0,1.0
1,147,0,MAIN,MAIN,1,1,13,RETREAT,,,,NEUTRAL,<NONE>,-1,<NONE>,0.0,0.0,0.0,0.0,0.0,0.0
1,147,0,MAIN,MAIN,1,1,14,END,,,,NEUTRAL,<NONE>,-1,<NONE>,0.0,0.0,0.0,0.0,0.0,0.0
1,148,0,MAIN,MAIN,1,1,0,PLAY,hand:0,,HAND,NEUTRAL,Budew,-1,<NONE>,0.0,0.0,0.0,0.0,0.0,0.0
1,148,0,MAIN,MAIN,1,1,1,PLAY,hand:2,,HAND,NEUTRAL,Marnie's Impidimp,-1,<NONE>,0.0,0.0,0.0,0.0,0.0,0.0
1,148,0,MAIN,MAIN,1,1,2,PLAY,hand:4,,HAND,NEUTRAL,Poké Pad,-1,<NONE>,0.0,0.0,0.0,0.0,0.0,0.0
1,148,0,MAIN,MAIN,1,1,3,ABILITY,board:18,,STADIUM,NEUTRAL,Spikemuth Gym,-1,<NONE>,0.0,0.0,0.0,0.0,0.0,0.0
1,148,0,MAIN,MAIN,1,1,4,ATTACK,,,,NEUTRAL,<NONE>,-1,Shadow Bullet,0.0,0.0,180.0,2.0,1.0,1.0
1,148,0,MAIN,MAIN,1,1,5,RETREAT,,,,NEUTRAL,<NONE>,-1,<NONE>,0.0,0.0,0.0,0.0,0.0,0.0
1,148,0,MAIN,MAIN,1,1,6,END,,,,NEUTRAL,<NONE>,-1,<NONE>,0.0,0.0,0.0,0.0,0.0,0.0
1,149,0,TO_HAND,CARD,0,1,0,CARD,,,DECK,ME,Froslass,-1,<NONE>,0.0,0.0,0.0,0.0,0.0,0.0
1,149,0,TO_HAND,CARD,0,1,1,CARD,,,DECK,ME,Yveltal,-1,<NONE>,0.0,0.0,0.0,0.0,0.0,0.0
1,149,0,TO_HAND,CARD,0,1,2,CARD,,,DECK,ME,Marnie's Morgrem,-1,<NONE>,0.0,0.0,0.0,0.0,0.0,0.0
1,149,0,TO_HAND,CARD,0,1,3,CARD,,,DECK,ME,Shaymin,-1,<NONE>,0.0,0.0,0.0,0.0,0.0,0.0
1,150,0,MAIN,MAIN,1,1,0,PLAY,hand:0,,HAND,NEUTRAL,Budew,-1,<NONE>,0.0,0.0,0.0,0.0,0.0,0.0
1,150,0,MAIN,MAIN,1,1,1,PLAY,hand:2,,HAND,NEUTRAL,Marnie's Impidimp,-1,<NONE>,0.0,0.0,0.0,0.0,0.0,0.0
1,150,0,MAIN,MAIN,1,1,2,ABILITY,board:18,,STADIUM,NEUTRAL,Spikemuth Gym,-1,<NONE>,0.0,0.0,0.0,0.0,0.0,0.0
1,150,0,MAIN,MAIN,1,1,3,ATTACK,,,,NEUTRAL,<NONE>,-1,Shadow Bullet,0.0,0.0,180.0,2.0,1.0,1.0
1,150,0,MAIN,MAIN,1,1,4,RETREAT,,,,NEUTRAL,<NONE>,-1,<NONE>,0.0,0.0,0.0,0.0,0.0,0.0
1,150,0,MAIN,MAIN,1,1,5,END,,,,NEUTRAL,<NONE>,-1,<NONE>,0.0,0.0,0.0,0.0,0.0,0.0
1,151,0,DAMAGE,CARD,1,1,0,CARD,board:10,,BENCH,OPP,Budew,-1,<NONE>,0.0,0.0,0.0,0.0,0.0,0.0
1,151,0,DAMAGE,CARD,1,1,1,CARD,board:11,,BENCH,OPP,Meowth ex,-1,<NONE>,0.0,0.0,0.0,0.0,0.0,0.0
1,152,0,TO_HAND,CARD,1,1,0,CARD,,,PRIZE,ME,<HIDDEN>,-1,<NONE>,0.0,0.0,0.0,0.0,0.0,0.0
1,152,0,TO_HAND,CARD,1,1,1,CARD,,,PRIZE,ME,<HIDDEN>,-1,<NONE>,0.0,0.0,0.0,0.0,0.0,0.0
1,152,0,TO_HAND,CARD,1,1,2,CARD,,,PRIZE,ME,<HIDDEN>,-1,<NONE>,0.0,0.0,0.0,0.0,0.0,0.0
1,153,0,TO_HAND,CARD,1,1,0,CARD,,,PRIZE,ME,<HIDDEN>,-1,<NONE>,0.0,0.0,0.0,0.0,0.0,0.0
1,153,0,TO_HAND,CARD,1,1,1,CARD,,,PRIZE,ME,<HIDDEN>,-1,<NONE>,0.0,0.0,0.0,0.0,0.0,0.0
1,154,1,TO_ACTIVE,CARD,1,1,0,CARD,board:1,,BENCH,ME,Meowth ex,-1,<NONE>,0.0,0.0,0.0,0.0,0.0,0.0
1,155,1,SKILL_ORDER,SKILL,2,2,0,SKILL,,,,NEUTRAL,Froslass,-1,<NONE>,0.0,0.0,0.0,0.0,0.0,0.0
1,155,1,SKILL_ORDER,SKILL,2,2,1,SKILL,,,,NEUTRAL,Froslass,-1,<NONE>,0.0,0.0,0.0,0.0,0.0,0.0
1,156,1,MAIN,MAIN,1,1,0,PLAY,hand:0,,HAND,NEUTRAL,Poké Pad,-1,<NONE>,0.0,0.0,0.0,0.0,0.0,0.0
1,156,1,MAIN,MAIN,1,1,1,ATTACH,hand:2,board:0,HAND,NEUTRAL,Basic {P} Energy,-1,<NONE>,0.0,0.0,0.0,0.0,0.0,0.0
1,156,1,MAIN,MAIN,1,1,2,PLAY,hand:3,,HAND,NEUTRAL,Lillie's Determination,-1,<NONE>,0.0,0.0,0.0,0.0,0.0,0.0
1,156,1,MAIN,MAIN,1,1,3,PLAY,hand:5,,HAND,NEUTRAL,Munkidori,-1,<NONE>,0.0,0.0,0.0,0.0,0.0,0.0
1,156,1,MAIN,MAIN,1,1,4,PLAY,hand:8,,HAND,NEUTRAL,Ultra Ball,-1,<NONE>,0.0,0.0,0.0,0.0,0.0,0.0
1,156,1,MAIN,MAIN,1,1,5,ABILITY,board:18,,STADIUM,NEUTRAL,Spikemuth Gym,-1,<NONE>,0.0,0.0,0.0,0.0,0.0,0.0
1,156,1,MAIN,MAIN,1,1,6,END,,,,NEUTRAL,<NONE>,-1,<NONE>,0.0,0.0,0.0,0.0,0.0,0.0
1,157,1,MAIN,MAIN,1,1,0,PLAY,hand:2,,HAND,NEUTRAL,Crushing Hammer,-1,<NONE>,0.0,0.0,0.0,0.0,0.0,0.0
1,157,1,MAIN,MAIN,1,1,1,PLAY,hand:3,,HAND,NEUTRAL,Poké Pad,-1,<NONE>,0.0,0.0,0.0,0.0,0.0,0.0
1,157,1,MAIN,MAIN,1,1,2,PLAY,hand:4,,HAND,NEUTRAL,Crushing Hammer,-1,<NONE>,0.0,0.0,0.0,0.0,0.0,0.0
1,157,1,MAIN,MAIN,1,1,3,ABILITY,board:18,,STADIUM,NEUTRAL,Spikemuth Gym,-1,<NONE>,0.0,0.0,0.0,0.0,0.0,0.0
1,157,1,MAIN,MAIN,1,1,4,END,,,,NEUTRAL,<NONE>,-1,<NONE>,0.0,0.0,0.0,0.0,0.0,0.0
1,158,1,TO_HAND,CARD,0,1,0,CARD,,,DECK,ME,Dreepy,-1,<NONE>,0.0,0.0,0.0,0.0,0.0,0.0
1,158,1,TO_HAND,CARD,0,1,1,CARD,,,DECK,ME,Drakloak,-1,<NONE>,0.0,0.0,0.0,0.0,0.0,0.0
1,158,1,TO_HAND,CARD,0,1,2,CARD,,,DECK,ME,Munkidori,-1,<NONE>,0.0,0.0,0.0,0.0,0.0,0.0
1,158,1,TO_HAND,CARD,0,1,3,CARD,,,DECK,ME,Munkidori,-1,<NONE>,0.0,0.0,0.0,0.0,0.0,0.0
1,158,1,TO_HAND,CARD,0,1,4,CARD,,,DECK,ME,Chi-Yu,-1,<NONE>,0.0,0.0,0.0,0.0,0.0,0.0
1,159,1,MAIN,MAIN,1,1,0,PLAY,hand:2,,HAND,NEUTRAL,Crushing Hammer,-1,<NONE>,0.0,0.0,0.0,0.0,0.0,0.0
1,159,1,MAIN,MAIN,1,1,1,PLAY,hand:3,,HAND,NEUTRAL,Crushing Hammer,-1,<NONE>,0.0,0.0,0.0,0.0,0.0,0.0
1,159,1,MAIN,MAIN,1,1,2,ABILITY,board:18,,STADIUM,NEUTRAL,Spikemuth Gym,-1,<NONE>,0.0,0.0,0.0,0.0,0.0,0.0
1,159,1,MAIN,MAIN,1,1,3,END,,,,NEUTRAL,<NONE>,-1,<NONE>,0.0,0.0,0.0,0.0,0.0,0.0
1,160,1,MAIN,MAIN,1,1,0,PLAY,hand:2,,HAND,NEUTRAL,Crushing Hammer,-1,<NONE>,0.0,0.0,0.0,0.0,0.0,0.0
1,160,1,MAIN,MAIN,1,1,1,ABILITY,board:18,,STADIUM,NEUTRAL,Spikemuth Gym,-1,<NONE>,0.0,0.0,0.0,0.0,0.0,0.0
1,160,1,MAIN,MAIN,1,1,2,END,,,,NEUTRAL,<NONE>,-1,<NONE>,0.0,0.0,0.0,0.0,0.0,0.0
1,161,1,MAIN,MAIN,1,1,0,ABILITY,board:18,,STADIUM,NEUTRAL,Spikemuth Gym,-1,<NONE>,0.0,0.0,0.0,0.0,0.0,0.0
1,161,1,MAIN,MAIN,1,1,1,END,,,,NEUTRAL,<NONE>,-1,<NONE>,0.0,0.0,0.0,0.0,0.0,0.0
1,162,1,MAIN,MAIN,1,1,0,END,,,,NEUTRAL,<NONE>,-1,<NONE>,0.0,0.0,0.0,0.0,0.0,0.0
1,163,0,SKILL_ORDER,SKILL,2,2,0,SKILL,,,,NEUTRAL,Froslass,-1,<NONE>,0.0,0.0,0.0,0.0,0.0,0.0
1,163,0,SKILL_ORDER,SKILL,2,2,1,SKILL,,,,NEUTRAL,Froslass,-1,<NONE>,0.0,0.0,0.0,0.0,0.0,0.0
1,164,0,MAIN,MAIN,1,1,0,PLAY,hand:0,,HAND,NEUTRAL,Budew,-1,<NONE>,0.0,0.0,0.0,0.0,0.0,0.0
1,164,0,MAIN,MAIN,1,1,1,PLAY,hand:2,,HAND,NEUTRAL,Marnie's Impidimp,-1,<NONE>,0.0,0.0,0.0,0.0,0.0,0.0
1,164,0,MAIN,MAIN,1,1,2,ATTACH,hand:5,board:0,HAND,NEUTRAL,Basic {D} Energy,-1,<NONE>,0.0,0.0,0.0,0.0,0.0,0.0
1,164,0,MAIN,MAIN,1,1,3,ATTACH,hand:5,board:1,HAND,NEUTRAL,Basic {D} Energy,-1,<NONE>,0.0,0.0,0.0,0.0,0.0,0.0
1,164,0,MAIN,MAIN,1,1,4,ATTACH,hand:5,board:2,HAND,NEUTRAL,Basic {D} Energy,-1,<NONE>,0.0,0.0,0.0,0.0,0.0,0.0
1,164,0,MAIN,MAIN,1,1,5,ATTACH,hand:5,board:3,HAND,NEUTRAL,Basic {D} Energy,-1,<NONE>,0.0,0.0,0.0,0.0,0.0,0.0
1,164,0,MAIN,MAIN,1,1,6,PLAY,hand:8,,HAND,NEUTRAL,Buddy-Buddy Poffin,-1,<NONE>,0.0,0.0,0.0,0.0,0.0,0.0
1,164,0,MAIN,MAIN,1,1,7,PLAY,hand:9,,HAND,NEUTRAL,Munkidori,-1,<NONE>,0.0,0.0,0.0,0.0,0.0,0.0
1,164,0,MAIN,MAIN,1,1,8,ABILITY,board:18,,STADIUM,NEUTRAL,Spikemuth Gym,-1,<NONE>,0.0,0.0,0.0,0.0,0.0,0.0
1,164,0,MAIN,MAIN,1,1,9,ATTACK,,,,NEUTRAL,<NONE>,-1,Shadow Bullet,0.0,0.0,180.0,2.0,1.0,1.0
1,164,0,MAIN,MAIN,1,1,10,RETREAT,,,,NEUTRAL,<NONE>,-1,<NONE>,0.0,0.0,0.0,0.0,0.0,0.0
1,164,0,MAIN,MAIN,1,1,11,END,,,,NEUTRAL,<NONE>,-1,<NONE>,0.0,0.0,0.0,0.0,0.0,0.0
1,165,0,MAIN,MAIN,1,1,0,PLAY,hand:0,,HAND,NEUTRAL,Budew,-1,<NONE>,0.0,0.0,0.0,0.0,0.0,0.0
1,165,0,MAIN,MAIN,1,1,1,PLAY,hand:2,,HAND,NEUTRAL,Marnie's Impidimp,-1,<NONE>,0.0,0.0,0.0,0.0,0.0,0.0
1,165,0,MAIN,MAIN,1,1,2,ATTACH,hand:5,board:0,HAND,NEUTRAL,Basic {D} Energy,-1,<NONE>,0.0,0.0,0.0,0.0,0.0,0.0
1,165,0,MAIN,MAIN,1,1,3,ATTACH,hand:5,board:1,HAND,NEUTRAL,Basic {D} Energy,-1,<NONE>,0.0,0.0,0.0,0.0,0.0,0.0
1,165,0,MAIN,MAIN,1,1,4,ATTACH,hand:5,board:2,HAND,NEUTRAL,Basic {D} Energy,-1,<NONE>,0.0,0.0,0.0,0.0,0.0,0.0
1,165,0,MAIN,MAIN,1,1,5,ATTACH,hand:5,board:3,HAND,NEUTRAL,Basic {D} Energy,-1,<NONE>,0.0,0.0,0.0,0.0,0.0,0.0
1,165,0,MAIN,MAIN,1,1,6,ATTACH,hand:5,board:4,HAND,NEUTRAL,Basic {D} Energy,-1,<NONE>,0.0,0.0,0.0,0.0,0.0,0.0
1,165,0,MAIN,MAIN,1,1,7,PLAY,hand:8,,HAND,NEUTRAL,Buddy-Buddy Poffin,-1,<NONE>,0.0,0.0,0.0,0.0,0.0,0.0
1,165,0,MAIN,MAIN,1,1,8,ABILITY,board:18,,STADIUM,NEUTRAL,Spikemuth Gym,-1,<NONE>,0.0,0.0,0.0,0.0,0.0,0.0
1,165,0,MAIN,MAIN,1,1,9,ATTACK,,,,NEUTRAL,<NONE>,-1,Shadow Bullet,0.0,0.0,180.0,2.0,1.0,1.0
1,165,0,MAIN,MAIN,1,1,10,RETREAT,,,,NEUTRAL,<NONE>,-1,<NONE>,0.0,0.0,0.0,0.0,0.0,0.0
1,165,0,MAIN,MAIN,1,1,11,END,,,,NEUTRAL,<NONE>,-1,<NONE>,0.0,0.0,0.0,0.0,0.0,0.0
1,166,0,TO_HAND,CARD,1,1,0,CARD,,,PRIZE,ME,<HIDDEN>,-1,<NONE>,0.0,0.0,0.0,0.0,0.0,0.0
